-- phpMyAdmin SQL Dump
-- version 4.8.5
-- https://www.phpmyadmin.net/
--
-- Хост: localhost
-- Время создания: Фев 24 2020 г., 21:36
-- Версия сервера: 8.0.13-4
-- Версия PHP: 7.2.24-0ubuntu0.18.04.3

SET SQL_MODE = "NO_AUTO_VALUE_ON_ZERO";
SET AUTOCOMMIT = 0;
START TRANSACTION;
SET time_zone = "+00:00";


/*!40101 SET @OLD_CHARACTER_SET_CLIENT=@@CHARACTER_SET_CLIENT */;
/*!40101 SET @OLD_CHARACTER_SET_RESULTS=@@CHARACTER_SET_RESULTS */;
/*!40101 SET @OLD_COLLATION_CONNECTION=@@COLLATION_CONNECTION */;
/*!40101 SET NAMES utf8mb4 */;

--
-- База данных: `i5t70PMWgi`
--

-- --------------------------------------------------------

--
-- Структура таблицы `blogposts`
--

CREATE TABLE `blogposts` (
  `id` int(11) NOT NULL,
  `title` text NOT NULL,
  `content` text NOT NULL,
  `category` varchar(50) NOT NULL,
  `previewImage` varchar(1000) NOT NULL
) ENGINE=InnoDB DEFAULT CHARSET=utf8 ROW_FORMAT=COMPACT;

--
-- Дамп данных таблицы `blogposts`
--

INSERT INTO `blogposts` (`id`, `title`, `content`, `category`, `previewImage`) VALUES
(2, 'Подготовка и раскрутка Twitter для работы в рекламных кампаниях', '<section class=\"l-section\"><div class=\"l-section-h i-cf\" itemprop=\"text\"><p>В стремительно развивающейся цифровой экономике с каждым годом появляется все больше интернет проектов и инструментов, с ними связанных. В связи со становлением интернет бизнеса — относительно новая форма инвестирования, которая представляет собой форму привлечения инвестиций для рекламных проектов.</p><p>В рамках рекламных проектов проводятся так называемые пиар кампании.<strong> Бонус </strong>– это вознаграждение, предлагаемое создателями рекламной компании за определенные услуги, т.е. создатели пиар компаний предлагают вознаграждение за вклад человека в развитие проекта. Таким вкладом может быть, например, подготовка документации или пресс-релизов рекламных компаний, переводы рекламных материалов и другого контента на разные языки, реклама проекта на сайтах, форумах, а также в социальных сетях.</p><p>Одной из популярных социальных сетей для рекламы проектов является Twitter. В связи с этим, обладатели аккаунтов Twitter получают возможность зарабатывать деньги на участии в рекламных кампаниях.</p><h2><strong>Регистрация аккаунт в Twitter</strong></h2><p>Для начала необходимо получить аккаунт в Twitter.</p><ol><li>Можно зарегистрировать его самостоятельно, но минус такого способа — это возраст аккаунта. Большинство рекламных компаний не рассматривают аккаунт Twitter, если он моложе 3-6 месяцев.</li><li>Покупка уже готового аккаунта, который может быть, как раскрученный, так и не раскрученный. Для этого необходимо найти сервис, где можно приобрести данный аккаунт. Следует посмотреть на его возраст (рекомендовано от 2014 года и старше). Если приобретаете раскрученный аккаунт, обратите внимание на Twitter аудит. Аккаунт может быть как на русском зыке, так и на английском.</li></ol><p><a href=\"https://1000twitters.ru/\" target=\"_blank\" rel=\"noopener\">https://1000twitters.ru</a> — здесь можно купить уже раскрученные аккаунты Twitter. Здесь при продаже аккаунтов уже указан Twitter аудит, но минус такого сервиса, что данных аккаунтов нет в наличии, потому-что рекламщики про данный сервис знают и соответственно быстро их разбирают.</p><p>Раскрутка Twitter в принципе не предоставляет катастрофической сложности, поэтому можно купить нераскрученный здесь: <a href=\"http://buy-accs.ru/\" target=\"_blank\" rel=\"noopener\">http://buy-accs.ru</a></p><p>После покупки перепривязываете данные аккаунта на свои, указывая свой номер телефона, свою электронную почту, которую зарегистрировали для рекламной компании и меняете пароль.</p><h2><strong>Накрутка подписчиков</strong></h2><h3><strong>Сервисы, которые раскручивают аккаунты</strong></h3><p>Один из быстрых способов раскручивания аккаунтов, но их порекомендовать не можем. Большинство сервисов накручивают ботов, которые не имеют никакой активности, а все рекламные компании требуют <u>Twitter аудит</u> (<a href=\"https://www.twitteraudit.com/\" target=\"_blank\" rel=\"noopener\">https://www.twitteraudit.com/</a>), и он должен составлять от 85%, в идеале — 99%.</p><h3><strong>Подписка на рекламщиков</strong></h3><p>Существуют специальные темы на форумах со списками рекламщиков. По принципу взаимного фолловинга вы подписываетесь на тех или иных рекламщиков. К сожалению, этот способ уже устаревает, так как у тех, кто состоит в данном списке, уже много подписчиков, и они не подписываются взаимно.</p><h3><strong>#Followback</strong></h3><p>Тот же самый принцип взаимности, но людей ищите в Twitter. Для этого заходим в сам Twitter, в поиске указываем хештег <em>#Followback</em> и тогда увидим всех людей, указывающих данный хештег.</p><p>Можно начать читать этих людей и таким образом дать понять людям, что вы также готовы читать их взаимно. Для того, чтобы люди понимали, что вы готовы читать их взаимно, вам нужно отредактировать свой профиль и прописать данные теги:</p><p>زيادة متابعين لزيادة عدد تابعني أتابعك رتويت ‎#تابعني_أتابعك ‎#تبادل_رتويت ‎#زيادة_متابعين ‎#ضيفني_اضيفك ‎#followme ‎#followback ‎#retweet</p><p>Использование арабского языка связано с тем, что арабы очень активны в Twitter и Facebook, и имеют обычно не меньше 10000 подписчиков (читателей). Они широко используют программный метод раскрутки или скрипт, который позволяет им за день отправлять очень много заявок и тем самым автоматически подписываться на тех людей, кто их начинает читать. У некоторых профили насчитывают свыше 400 тыс. читателей и примерно столько же они читают. Это вполне нормально.</p><p><strong>Нам нужно стремиться к цифре в 10000 подписчиков. </strong>Для старта в рекламной компаниях<strong> достаточно 2000-3000 читателей.</strong></p><p>В день можно добавлять 1000 человек (технические ограничения). <strong>Но лучше отправлять 300-500 заявок в день! </strong>По какой причине именно так? Вам также нужно будет взаимно подписываться на людей, которые вас читают. Каждый взаимная подписка в их строну считается за единицу.</p><p>Для того, чтобы читать больше, необходимо, чтобы количество человек, которые читают вас было больше, чем тех, которых читаете вы.</p><p><strong>Не рекомендовано программно раскручивать аккаунт</strong>, иначе Twitter «выкинет» вас на проверку: предложит сменить ваш пароль и у вас будет ограничение на подписку других людей, либо вам на телефон поступает звонок, при котором вам будет надиктовываться код (на английском языке), который нужно в данной проверке ввести.</p><p>Можете подписываться на людей из этого списка: <a href=\"https://twitter.com/PeterBordes/lists/cryptocurrency-audience/members\" target=\"_blank\" rel=\"noopener\">https://twitter.com/PeterBordes/lists/cryptocurrency-audience/members.&nbsp;</a>В этом списке много рекламщиков, и они в большинстве случаев отвечают взаимно. Можно также фолловить через скрипт, о котором поговорим далее.</p><h2><strong>Автоматизация подписок в Twitter</strong></h2><p>Используйте расширение <a href=\"https://chrome.google.com/webstore/detail/mass-follow-for-twitter/lfmanfkmmgfigbnjibfemdnnfjboficn?hl=ru\" target=\"_blank\" rel=\"noopener\">«Mass follow for Twitter»</a> для браузера Chrome.</p><p>Логинетесь в самом Twitter. Заходите на аккаунт какого-нибудь араба с большим числом читателей и просматриваете их список. Если видите, что они его читают, то он читает их взаимно.</p><p>Данный скрипт позволяет автоматически подписываться на людей и автоматически удалять тех людей, которые не читают вас взаимно.</p><p>Рекомендуемые настройки в расширении (нажать Settings, когда находитесь на сайте Twitter):</p><p><noscript><img   alt=\"Подготовка и раскрутка Twitter для работы в рекламных кампаниях 1\" width=\"425\" height=\"529\" data-srcset=\"https://cdn.shortpixel.ai/client/q_lossless,ret_img,w_241/https://smmlike.ru/wp-content/uploads/2018/03/1-241x300.png 241w, https://cdn.shortpixel.ai/client/q_lossless,ret_img,w_586/https://smmlike.ru/wp-content/uploads/2018/03/1.png 586w\" sizes=\"(max-width: 425px) 100vw, 425px\" title=\"Подготовка и раскрутка Twitter для работы в рекламных кампаниях 1\" data-src=\"https://smmsquare.ru/wp-content/uploads/2018/03/1-241x300.png\" class=\" wp-image-7494 aligncenter lazyload\" src=\"data:image/gif;base64,R0lGODlhAQABAAAAACH5BAEKAAEALAAAAAABAAEAAAICTAEAOw==\"><noscript><img class=\" wp-image-7494 aligncenter\" src=\"https://smmsquare.ru/wp-content/uploads/2018/03/1-241x300.png\" alt=\"Подготовка и раскрутка Twitter для работы в рекламных кампаниях 1\" width=\"425\" height=\"529\" srcset=\"https://cdn.shortpixel.ai/client/q_lossless,ret_img,w_241/https://smmlike.ru/wp-content/uploads/2018/03/1-241x300.png 241w, https://cdn.shortpixel.ai/client/q_lossless,ret_img,w_586/https://smmlike.ru/wp-content/uploads/2018/03/1.png 586w\" sizes=\"(max-width: 425px) 100vw, 425px\" title=\"Подготовка и раскрутка Twitter для работы в рекламных кампаниях 1\"></noscript><img class=\"lazyload  wp-image-7494 aligncenter\" src=\"https://cdn.shortpixel.ai/client/q_lqip,ret_wait/https://smmlike.ru/wp-content/uploads/2018/03/twitter-clipart-tranparent-17.png\" data-src=\"https://smmsquare.ru/wp-content/uploads/2018/03/1-241x300.png\" alt=\"Подготовка и раскрутка Twitter для работы в рекламных кампаниях 1\" width=\"425\" height=\"529\" data-srcset=\"https://cdn.shortpixel.ai/client/q_lossless,ret_img,w_241/https://smmlike.ru/wp-content/uploads/2018/03/1-241x300.png 241w, https://cdn.shortpixel.ai/client/q_lossless,ret_img,w_586/https://smmlike.ru/wp-content/uploads/2018/03/1.png 586w\" data-sizes=\"(max-width: 425px) 100vw, 425px\" title=\"Подготовка и раскрутка Twitter для работы в рекламных кампаниях 1\"></p><p>Настройки в расширении Mass Following for Twitter. Значения предела выставляем каждый раз рандомно.</p><p><noscript><img   alt=\"Подготовка и раскрутка Twitter для работы в рекламных кампаниях 2\" width=\"434\" height=\"689\" data-srcset=\"https://cdn.shortpixel.ai/client/q_lossless,ret_img,w_189/https://smmlike.ru/wp-content/uploads/2018/03/2-189x300.png 189w, https://cdn.shortpixel.ai/client/q_lossless,ret_img,w_583/https://smmlike.ru/wp-content/uploads/2018/03/2.png 583w\" sizes=\"(max-width: 434px) 100vw, 434px\" title=\"Подготовка и раскрутка Twitter для работы в рекламных кампаниях 2\" data-src=\"https://smmsquare.ru/wp-content/uploads/2018/03/2-189x300.png\" class=\"wp-image-7495 aligncenter lazyload\" src=\"data:image/gif;base64,R0lGODlhAQABAAAAACH5BAEKAAEALAAAAAABAAEAAAICTAEAOw==\"><noscript><img class=\"wp-image-7495 aligncenter\" src=\"https://smmsquare.ru/wp-content/uploads/2018/03/2-189x300.png\" alt=\"Подготовка и раскрутка Twitter для работы в рекламных кампаниях 2\" width=\"434\" height=\"689\" srcset=\"https://cdn.shortpixel.ai/client/q_lossless,ret_img,w_189/https://smmlike.ru/wp-content/uploads/2018/03/2-189x300.png 189w, https://cdn.shortpixel.ai/client/q_lossless,ret_img,w_583/https://smmlike.ru/wp-content/uploads/2018/03/2.png 583w\" sizes=\"(max-width: 434px) 100vw, 434px\" title=\"Подготовка и раскрутка Twitter для работы в рекламных кампаниях 2\"></noscript><img class=\"lazyload wp-image-7495 aligncenter\" src=\"https://cdn.shortpixel.ai/client/q_lqip,ret_wait/https://smmlike.ru/wp-content/uploads/2018/03/twitter-clipart-tranparent-17.png\" data-src=\"https://smmsquare.ru/wp-content/uploads/2018/03/2-189x300.png\" alt=\"Подготовка и раскрутка Twitter для работы в рекламных кампаниях 2\" width=\"434\" height=\"689\" data-srcset=\"https://cdn.shortpixel.ai/client/q_lossless,ret_img,w_189/https://smmlike.ru/wp-content/uploads/2018/03/2-189x300.png 189w, https://cdn.shortpixel.ai/client/q_lossless,ret_img,w_583/https://smmlike.ru/wp-content/uploads/2018/03/2.png 583w\" data-sizes=\"(max-width: 434px) 100vw, 434px\" title=\"Подготовка и раскрутка Twitter для работы в рекламных кампаниях 2\"></p><p>Настройки в расширении Mass Following for Twitter</p><p><em>В настройках расширения нужно поставить галочку — отписываться можно только от тех профилей, на которые подписывались с помощью расширения. По факту это не так. Галочку нужно убрать!</em></p><p>Для <a href=\"https://www.twitteraudit.com/\" target=\"_blank\" rel=\"noopener\">Twitter аудита</a> следует пропускать аккаунты у которых нет изображения в профиле (аватарки/фона), у которых нет биографии.</p><h2><strong>Twitter аудит</strong></h2><p>Сервис Twitter аудита находится по адресу: <a href=\"https://www.twitteraudit.com/\" target=\"_blank\" rel=\"noopener\">https://www.twitteraudit.com</a>.</p><p>Первый раз можно воспользоваться бесплатно, далее каждый месяц нужно платить $5.</p><p>Вы можете так же попросить знакомого пройти Ре-Аудит только в том случае, если на сайте аудита имеется кнопка «Re-audit». Таким образом в течение 5-10 минут аудит будет автоматически у вас выполнен, и вы сможете увидеть новые цифры количества фэйков.</p><p><noscript><img   alt=\"Подготовка и раскрутка Twitter для работы в рекламных кампаниях 3\" width=\"516\" height=\"175\" data-srcset=\"https://cdn.shortpixel.ai/client/q_lossless,ret_img,w_300/https://smmlike.ru/wp-content/uploads/2018/03/3-300x102.png 300w, https://cdn.shortpixel.ai/client/q_lossless,ret_img,w_149/https://smmlike.ru/wp-content/uploads/2018/03/3-149x51.png 149w, https://cdn.shortpixel.ai/client/q_lossless,ret_img,w_586/https://smmlike.ru/wp-content/uploads/2018/03/3.png 586w\" sizes=\"(max-width: 516px) 100vw, 516px\" title=\"Подготовка и раскрутка Twitter для работы в рекламных кампаниях 3\" data-src=\"https://smmsquare.ru/wp-content/uploads/2018/03/3-300x102.png\" class=\" wp-image-7496 aligncenter lazyload\" src=\"data:image/gif;base64,R0lGODlhAQABAAAAACH5BAEKAAEALAAAAAABAAEAAAICTAEAOw==\"><noscript><img class=\" wp-image-7496 aligncenter\" src=\"https://smmsquare.ru/wp-content/uploads/2018/03/3-300x102.png\" alt=\"Подготовка и раскрутка Twitter для работы в рекламных кампаниях 3\" width=\"516\" height=\"175\" srcset=\"https://cdn.shortpixel.ai/client/q_lossless,ret_img,w_300/https://smmlike.ru/wp-content/uploads/2018/03/3-300x102.png 300w, https://cdn.shortpixel.ai/client/q_lossless,ret_img,w_149/https://smmlike.ru/wp-content/uploads/2018/03/3-149x51.png 149w, https://cdn.shortpixel.ai/client/q_lossless,ret_img,w_586/https://smmlike.ru/wp-content/uploads/2018/03/3.png 586w\" sizes=\"(max-width: 516px) 100vw, 516px\" title=\"Подготовка и раскрутка Twitter для работы в рекламных кампаниях 3\"></noscript><img class=\"lazyload  wp-image-7496 aligncenter\" src=\"https://cdn.shortpixel.ai/client/q_lqip,ret_wait/https://smmlike.ru/wp-content/uploads/2018/03/twitter-clipart-tranparent-17.png\" data-src=\"https://smmsquare.ru/wp-content/uploads/2018/03/3-300x102.png\" alt=\"Подготовка и раскрутка Twitter для работы в рекламных кампаниях 3\" width=\"516\" height=\"175\" data-srcset=\"https://cdn.shortpixel.ai/client/q_lossless,ret_img,w_300/https://smmlike.ru/wp-content/uploads/2018/03/3-300x102.png 300w, https://cdn.shortpixel.ai/client/q_lossless,ret_img,w_149/https://smmlike.ru/wp-content/uploads/2018/03/3-149x51.png 149w, https://cdn.shortpixel.ai/client/q_lossless,ret_img,w_586/https://smmlike.ru/wp-content/uploads/2018/03/3.png 586w\" data-sizes=\"(max-width: 516px) 100vw, 516px\" title=\"Подготовка и раскрутка Twitter для работы в рекламных кампаниях 3\"></p><p>Премиум-аккаунт позволяет удалять этих фэйков. Чем меньше фэйков, тем выше показатель вашего аудита, и это очень хорошо при участии в рекламных компаниях.</p><h2><strong>Рекомендация:</strong></h2><p>1-3 раза в день делайте твит от себя с тегами взаимной подписки. Вам также интересно те люди, которые подписываются без расширения. После этого вы будете подписываться на них взаимно.</p><p>Когда предел читаемых достигнет 5000 человек, чтобы вам можно было дальше подписываться, нужно иметь читателей больше, чем вы читаете сами.</p><h2><strong>Как работать с Twitter </strong></h2><p>Сама работа в Twitter — делать репосты с той или иной официальной страницы рекламной компаний, либо делать твиты от своего имени.</p><p>Заходим на те страницы с которых хотим сделать репост:</p><ul><li>нажимаем <strong>ретвит</strong>,</li><li>указываем хештег, если указано в правилах и</li><li>нажимаем лайк для того, чтобы не путаться и понимать, что данный пост уже репостили.</li></ul><p><em>Если вы репостили пост и не указывали хештег, то кнопки для удаления ретвита не будет. Нужно будет нажать «Отменить ретвит».</em></p><p>Также для удобства можно создать списки в Twitter. Вы всегда можете зайти в список и посмотреть те компании, с которыми вы работаете. Рекламная компания также требует, чтобы вы их аккаунт тоже читали. Если вы завершили работу с данной компанией, то вы можете перестать ее читать.</p><p style=\"text-align: right;\"><em>По материалам <a href=\"http://telegra.ph/Bounty-Podgotovka-Twitter-k-rabote-03-01\" target=\"_blank\" rel=\"noopener\">Владимира Дубенко</a></em></p><p>&nbsp;</p></div></section>', 'Twitter', 'https://smmlike.ru/wp-content/uploads/2018/03/twitter-clipart-tranparent-17.png'),
(3, 'Просмотры на Youtube', '<section class=\"l-section\"><div class=\"l-section-h i-cf\" itemprop=\"text\"><p>Любой начинающий ютубер сталкивается с проблемой дальнейшего развития своего канала и увеличением просмотров. Вы завоевали преданную аудиторию, и ваш канал набрал определенное количество подписчиков. Но всегда хочется большего. Вы задумываетесь, как увеличить просмотры и вывести видео в топ Youtube.</p><h2>Бесплатные методы продвижения канала в топ YouТube</h2><p>Можно воспользоваться бесплатными методами развития канала YouТube, среди которых важными являются следующие.</p><ul><li>Для продвижения в топ ваш контент должен быть интересным, качественным и уникальным. Для этого вам нужно определить тематику канала YouTube и его целевую аудиторию.</li><li>Попросите помощи у друзей и знакомых. Они всегда дадут нужный совет по улучшению контента. Помните, что с одного ip-адреса вы можете получить не более 300 просмотров.</li><li>Не делайте длинных заставок в начале и конце видеоролика.</li><li>Используйте плейлисты. Плейлисты позволяют расположить видеоролики в определенном порядке.</li><li>На YouTube есть возможность ссылаться на похожие видео. Оставьте ссылку на плейлист в конце ролика.</li><li>Заголовки. Придумайте яркий заголовок, отражающий суть видео. Сочетание заголовка и миниатюры позволяет увеличить время просмотра.</li></ul><h2>Накрутка просмотров канала YouTube</h2><p>Существует множество сервисов для накрутки просмотров на YouTube и продвижения в топ. Они бывают бесплатными и платными.</p><p>В бесплатных сервисах накрутки вы зарабатываете кредиты, выполняя задания. Кредиты можно потратить на раскрутку своего канала YouTube, в т.ч. накрутку просмотров для продвижения в топ.</p><p>Следует помнить, что любая накрутка просмотров на YouTube связана с определенными рисками. Чтобы видео не попало в бан, воспользуйтесь следующими советами:</p><ul><li>используйте только проверенные сервисы накрутки</li><li>сделайте пробный заказ на накрутку просмотров и проанализируйте результаты</li><li>совершайте покупки просмотров постепенно</li><li>информация о ролике должна быть грамотно оформлена. Для этого используйте сервисы для определения ключевых слов</li><li>никакого плагиата.</li></ul><p>Самый дешевый способ раскрутки канала на YouTube &nbsp;— накрутка просмотров без удержания. Это значит, что время просмотра ролика составит 3-15 сек. Этот способ подойдет для коротких видеороликов.</p><p>Для длинных роликов используйте просмотры с удержанием. Это значит, что видео будет просмотрено минимум на 50 %. Просмотры с удержанием дороже обычных, но качественнее, и позволяют быстро вывести видеоролик в топ.</p><p>Следует учитывать, что YouTube списывает просмотры в следующих случаях:</p><ul><li>использование некачественного сервиса накрутки</li><li>неграмотная работа исполнителя с прокси</li><li>страйк на видео.</li></ul><p>Основной проблемой при списании являются неактивные (недействующие) каналы. Такими каналами считаются те, на которые не заходили в течение полугода. К сожалению, повлиять на это никак нельзя. При этом следует помнить, что накрутка просмотров как таковая к этому отношения не имеет. Вместе с тем, при заказе покупки просмотров лучше довериться надежным специалистам и профессионалам.</p><p>В то же время платные сервисы накрутки просмотров имеют свои плюсы:</p><ul><li>вы экономите свое время</li><li>за небольшую плату можно получить качественное продвижение канала на YouTube</li><li>вы полностью контролируете процесс, в любой момент можете остановить его и заново продолжить.</li></ul><p>Попробуйте оформить минимальную накрутку просмотров прямо на этой странице, чтобы убедиться в качестве нашей работы! Это позволит вам не только оценить нашу работу, но и принять решение о дальнейшей совместной работе! Успехов развитию вашего канала!</p><p>&nbsp;</p></section>', 'Youtube', 'https://smmlike.ru/wp-content/uploads/2018/01/Depositphotos_65177259_m-2015.jpg'),
(4, 'Ретвиты в Twitter бесплатно и платно', '<section class=\"l-section\"><div class=\"l-section-h i-cf\" itemprop=\"text\"><h2>Зачем нужны ретвиты в Twitter?</h2><p>В современном мире существует много разных социальных сетей, в их числе и Twitter. Twitter – это микроблог, где люди делятся и обмениваются разными новостями по всему миру, выкладывая на свою страницу Twitter записи. Эти записи, если они являются интересными, люди обычно ретвитят, то есть «перекидывают» на свою страницу.</p><p>В настоящее время Twitter превратился в популярную площадку жарких споров и дискуссий, поэтому многих пользователей волнуют вопросы:</p><ul><li>как поднять ретвиты на своей странице в Twitter,</li><li>как продвинуться и</li><li>как можно попасть в топ?</li></ul><p>Ведь после этого на вас начнут подписываться все больше и больше читателей! Именно с помощью Twitter некоторые люди рекламируют на своих страницах разную продукцию и на этом неплохо зарабатывают. Но большинство людей все-таки интересует вопрос о популярности и славе.</p><h2>Как получить или накрутить много ретвитов?</h2><p>Самый распространенный способ увеличить ретвиты в своем профиле Twitter – это проделать все работу самостоятельно. Если вы хотите набрать много подписчиков и ретвитов в своем Twitter, выкладывайте интересные записи, не заимствуя их у других, придумывайте сами, ведь людям интересно читать вас, а не других. Еще одним важным пунктом является оформление профиля:</p><ul><li>поставьте красивую картинку или фотку на аватар,</li><li>сделайте маленькое описание про себя (что вы любите и чем занимаетесь и т.д.).</li></ul><p>Используйте хэштег #<em>взаимныйретвит</em>, т.е. вы делаете ретвит записей других людей, а они ретвитят в ответ вашу запись. В принципе ничего сложного тут нет, но это очень кропотливая работа, и если вы хотите по максимуму продвинуть свой профиль в Twitter, то данный способ займет у вас очень много времени.</p><p>Также существует метод, называемый программным. Развитие средств продвижения позволяет во все большей степени автоматизировать процесс накрутки. Но если вы не хотите заморачиваться техническими сложностями, то выбирайте платный сервис, и доверьте эту работу профессионалам. При этом основным фактором выбора коммерческого сайта для вас будет стоимость данной услуги. Следует отметить, что цены на данную услугу сильно различаются в зависимости от качества аккаунтов и стоимости реализации услуги программными средствами.</p><h2>Что дают ретвиты для индексации сайтов и ссылок</h2><p>Twitter выступает как эффективная площадка не только для выкладывания своих мыслей, то и инструментом эффективного развития других ресурсов, поскольку поисковые системы прислушиваются к его мнению. Поэтому быстрая индексация поисковиками твитов в Twitter, в которых содержатся ссылки на ваш ресурс, способствует повышению его позиций.&nbsp;Пользуйтесь этой возможностью для повышения индексации ваших ресурсов!</p><p>Наш сайт SMMLIKE предоставляет эту услугу с гарантией безопасности платежей, а также техническую поддержку в быстром реагировании на возникающие вопросы.</p><p>&nbsp;</p></section>', 'Twitter', 'https://smmlike.ru/wp-content/uploads/2018/01/social-networks.jpg'),
(5, 'Безопасная накрутка подписчиков в Instagram', '<section class=\"l-section\"><div class=\"l-section-h i-cf\" itemprop=\"text\"><h2>Как можно накрутить подписчиков в Instagram?</h2><p>По поводу развития аккаунта в Instagram и увеличения его подписчиков существует множество мнений, который придерживаются крайних позиций:</p><ul><li>или только бесплатные методы и самостоятельная работа,</li><li>или только платная накрутка, которая позволяет сэкономить массу времени и сил.</li></ul><p>Как всегда, истина находится где-то посередине, и мы тоже придерживаемся этой точки зрения, – целесообразно самостоятельную работу сочетать с платными методами продвижения аккаунта.</p><p>Если вы читаете эту статью, то это значит, что вы однозначно хотите узнать о том, как же сделать больше подписчиков в своем Instagram, как выбиться в топ, как вообще продвинуть свой Instagram? Хотите стать популярными, чтобы ваши фотографии и видео в Instagram просматривали тысячи, а может и миллионы человек, то читайте далее, и мы постараемся объяснить, как это можно сделать.</p><p>Итак, существует множество способов продвинуть свой аккаунт в Instagram и вывести его в топ. Множество людей беспокоит этот вопрос потому, что на своих профилях они хотят зарабатывать неплохие деньги, из-за чего они и накручивают подписчиков. Ну а некоторые просто мечтают о популярности, и тоже стремятся к большой аудитории подписчиков.</p><h2>Преимущества и недостатки бесплатной накрутки подписчиков Instagram</h2><p>Instagram можно продвинуть самостоятельно и без затрат финансовых средств. Для этого нужна систематическая кропотливая работа, которая позволяет все держать под контролем и управлять процессом, включая минимизацию вероятности попадания в бан. Первым делом нужно:</p><ul><li>красиво и грамотно оформить страницу</li><li>качественно заполнить свой профиль</li><li>придумать интересное название.</li></ul><p>Нужно регулярно выкладывать интересующие людей фото или видео, запускать рекламу в своем профиле. Также можно много набрать подписчиков в Instagram, вставляя под свои фото популярные хэштеги (тоже очень эффективный способ).</p><p>У бесплатного продвижения множество преимуществ (контроль, связи, опыт), среди которых немаловажную роль играет отсутствие платы за получение трафика.</p><p>Однако у этого способа есть очень большой недостаток – длительный период получения результата. Для того, чтобы привлекать многочисленных подписчиков требуется создавать действительно уникальный и интересный контент, что требует больших усилий и затрат личного времени. Так что неопытному пользователю придется несладко на пути попадания в топ.</p><h2>Почему выбирают платные способы накрутки подписчиков Instagram?</h2><p>Существуют платные способы продвижения своего аккаунта в Instagram и привлечения большого количества подписчиков.</p><p>Множество программ и сайтов занимаются продвижение в Instagram и накруткой подписчиков. Главное их достоинство – скорость поступления подписчиков на аккаунт. Кроме того, существует возможность выбора качества аккаунтов, т.к. хорошо раскрученным и популярным страницам не всегда важна только заинтересованная публика, и часто подписчики ими набираются для массовости.</p><p>Таким образом, к платной накрутке подписчиков прибегают в основном из-за скорости наполнения аккаунта и более высокой ее эффективности. Так, например, заказав подписчиков в SMMLIKE вы быстро получите качественный материал по низким ценам.</p><h2>Что дают платные подписчики в Instagram для аккаунта?</h2><p>Платные подписчики в Instagram оказывают пользу для всех аккаунтов: и звезд, и блогеров, и спортсменов, и рядовых пользователей. Прежде всего платная накрутка подписчиков облегчает жизнь, избавляя от ежедневной рутинной работы по развитию аккаунта. Имея накрученных подписчиков, вы можете привлечь реальных пользователей, поскольку платная накрутка дает представление о:</p><ul><li>лояльности пользователей, что важно особенно для интернет-магазинов;</li><li>востребованности аккаунта у пользователей, демонстрируя массовость и блеск;</li><li>активности пользователей (лайки, комментарии), которая обеспечивается их большим числом.</li></ul><p>Цели платной накрутки могут быть и другими, отличными от приведенных выше. Но следует только помнить, что в платном продвижении важным является выбор сервиса, от которого во многом зависит эффективность накрутки. И этот выбор нужно делать правильно.</p><p>Надеемся, что наши советы помогут вам в этом!</p><p>&nbsp;</p></section>', 'Instagram', 'https://smmlike.ru/wp-content/uploads/2018/01/AAEAAQAAAAAAAAGjAAAAJDM5ODRlMzFlLTc3MTctNDBmNi05ZWVjLTVlZmQzZmY4ZTlkMA.jpg'),
(6, 'Лайки в Instagram', '<section class=\"l-section\"><div class=\"l-section-h i-cf\" itemprop=\"text\"><h2>Как можно накрутить подписчиков в Instagram?</h2><p>По поводу развития аккаунта в Instagram и увеличения его подписчиков существует множество мнений, который придерживаются крайних позиций:</p><ul><li>или только бесплатные методы и самостоятельная работа,</li><li>или только платная накрутка, которая позволяет сэкономить массу времени и сил.</li></ul><p>Как всегда, истина находится где-то посередине, и мы тоже придерживаемся этой точки зрения, – целесообразно самостоятельную работу сочетать с платными методами продвижения аккаунта.</p><p>Если вы читаете эту статью, то это значит, что вы однозначно хотите узнать о том, как же сделать больше подписчиков в своем Instagram, как выбиться в топ, как вообще продвинуть свой Instagram? Хотите стать популярными, чтобы ваши фотографии и видео в Instagram просматривали тысячи, а может и миллионы человек, то читайте далее, и мы постараемся объяснить, как это можно сделать.</p><p>Итак, существует множество способов продвинуть свой аккаунт в Instagram и вывести его в топ. Множество людей беспокоит этот вопрос потому, что на своих профилях они хотят зарабатывать неплохие деньги, из-за чего они и накручивают подписчиков. Ну а некоторые просто мечтают о популярности, и тоже стремятся к большой аудитории подписчиков.</p><h2>Преимущества и недостатки бесплатной накрутки подписчиков Instagram</h2><p>Instagram можно продвинуть самостоятельно и без затрат финансовых средств. Для этого нужна систематическая кропотливая работа, которая позволяет все держать под контролем и управлять процессом, включая минимизацию вероятности попадания в бан. Первым делом нужно:</p><ul><li>красиво и грамотно оформить страницу</li><li>качественно заполнить свой профиль</li><li>придумать интересное название.</li></ul><p>Нужно регулярно выкладывать интересующие людей фото или видео, запускать рекламу в своем профиле. Также можно много набрать подписчиков в Instagram, вставляя под свои фото популярные хэштеги (тоже очень эффективный способ).</p><p>У бесплатного продвижения множество преимуществ (контроль, связи, опыт), среди которых немаловажную роль играет отсутствие платы за получение трафика.</p><p>Однако у этого способа есть очень большой недостаток – длительный период получения результата. Для того, чтобы привлекать многочисленных подписчиков требуется создавать действительно уникальный и интересный контент, что требует больших усилий и затрат личного времени. Так что неопытному пользователю придется несладко на пути попадания в топ.</p><h2>Почему выбирают платные способы накрутки подписчиков Instagram?</h2><p>Существуют платные способы продвижения своего аккаунта в Instagram и привлечения большого количества подписчиков.</p><p>Множество программ и сайтов занимаются продвижение в Instagram и накруткой подписчиков. Главное их достоинство – скорость поступления подписчиков на аккаунт. Кроме того, существует возможность выбора качества аккаунтов, т.к. хорошо раскрученным и популярным страницам не всегда важна только заинтересованная публика, и часто подписчики ими набираются для массовости.</p><p>Таким образом, к платной накрутке подписчиков прибегают в основном из-за скорости наполнения аккаунта и более высокой ее эффективности. Так, например, заказав подписчиков в SMMLIKE вы быстро получите качественный материал по низким ценам.</p><h2>Что дают платные подписчики в Instagram для аккаунта?</h2><p>Платные подписчики в Instagram оказывают пользу для всех аккаунтов: и звезд, и блогеров, и спортсменов, и рядовых пользователей. Прежде всего платная накрутка подписчиков облегчает жизнь, избавляя от ежедневной рутинной работы по развитию аккаунта. Имея накрученных подписчиков, вы можете привлечь реальных пользователей, поскольку платная накрутка дает представление о:</p><ul><li>лояльности пользователей, что важно особенно для интернет-магазинов;</li><li>востребованности аккаунта у пользователей, демонстрируя массовость и блеск;</li><li>активности пользователей (лайки, комментарии), которая обеспечивается их большим числом.</li></ul><p>Цели платной накрутки могут быть и другими, отличными от приведенных выше. Но следует только помнить, что в платном продвижении важным является выбор сервиса, от которого во многом зависит эффективность накрутки. И этот выбор нужно делать правильно.</p><p>Надеемся, что наши советы помогут вам в этом!</p><p>&nbsp;</p></section>', 'Instagram', 'https://smmlike.ru/wp-content/uploads/2018/01/2000px-Instagram_logo_2016.svg-%E2%80%94-%D0%BA%D0%BE%D0%BF%D0%B8%D1%8F.png');

-- --------------------------------------------------------

--
-- Структура таблицы `orders`
--

CREATE TABLE `orders` (
  `id` int(11) NOT NULL,
  `user_id` int(11) NOT NULL,
  `orderName` text NOT NULL,
  `orderQty` int(11) NOT NULL,
  `orderTotalPrice` float NOT NULL,
  `orderCategory` varchar(50) CHARACTER SET utf8 COLLATE utf8_general_ci NOT NULL,
  `orderDate` timestamp NOT NULL DEFAULT CURRENT_TIMESTAMP
) ENGINE=InnoDB DEFAULT CHARSET=utf8 ROW_FORMAT=COMPACT;

--
-- Дамп данных таблицы `orders`
--

INSERT INTO `orders` (`id`, `user_id`, `orderName`, `orderQty`, `orderTotalPrice`, `orderCategory`) VALUES
(1, 2, 'Подписчики Youtube x10', 10, 9, 'Youtube'),
(2, 2, 'Лайки в Vkontakte x34', 34, 8.5, 'Vkontakte'),
(3, 2, 'Лайки в Vkontakte x5', 5, 1.25, 'Vkontakte'),
(4, 2, 'Лайки в Vkontakte x5', 5, 1.25, 'Vkontakte'),
(5, 2, 'Лайки в Vkontakte x20', 20, 5, 'Vkontakte'),
(6, 2, 'Лайки в Vkontakte x5', 5, 1.75, 'Vkontakte');

-- --------------------------------------------------------

--
-- Структура таблицы `productlines`
--

CREATE TABLE `productlines` (
  `productLine` varchar(50) NOT NULL,
  `textDescription` varchar(4000) DEFAULT NULL,
  `htmlDescription` mediumtext,
  `image` mediumblob,
  `bosslikeServiceId` int(10) NOT NULL
) ENGINE=InnoDB DEFAULT CHARSET=utf8;

--
-- Дамп данных таблицы `productlines`
--

INSERT INTO `productlines` (`productLine`, `textDescription`, `htmlDescription`, `image`, `bosslikeServiceId`) VALUES
('Facebook', 'Model trains are a rewarding hobby for enthusiasts of all ages. Whether you\'re looking for collectible wooden trains, electric streetcars or locomotives, you\'ll find a number of great choices for any budget within this category. The interactive aspect of trains makes toy trains perfect for young children. The wooden train sets are ideal for children under the age of 5.', NULL, 0x89504e470d0a1a0a0000000d494844520000006400000064080600000070e29554000001376943435041646f6265205247422028313939382900002891958fbf4ac3501487bf1b45c5a15608e2e0702751506cd5c18c495b8a2058ab4392ad49439562126eae7ffa108e6e1d5cdc7d022747c141f1097c03c5a98343840c058bdff49ddf391cce01a362d79d865186f358ab76d391aee7cbd917669802804e98a576ab7500102771c418dfef0880d74dbbee34c6fb7f321fa64a032360bb1b6521880ad0bfd2a9063104cca09f6a100f80a94eda35104f40a997fb1b500a72ff004acaf57c105f80d9733d1f8c39c00c725f014c1d5d6b805a920ed459ef54cbaa6559d2ee2641248f07998ece33b91f87894a13d5d15117c8ef0360311f6c371db956b5acbdf57ffe3d11d7f3656e9f4708402c3d17594178a12e7f55183b93eb62c770190eef617a5464bb3770b7010bb745b65a85f2163c0e7f00c0c64ffdf3533fc8000000097048597300000b1300000b1301009a9c18000004f369545874584d4c3a636f6d2e61646f62652e786d7000000000003c3f787061636b657420626567696e3d22efbbbf222069643d2257354d304d7043656869487a7265537a4e54637a6b633964223f3e203c783a786d706d65746120786d6c6e733a783d2261646f62653a6e733a6d6574612f2220783a786d70746b3d2241646f626520584d5020436f726520352e362d633134352037392e3136333439392c20323031382f30382f31332d31363a34303a32322020202020202020223e203c7264663a52444620786d6c6e733a7264663d22687474703a2f2f7777772e77332e6f72672f313939392f30322f32322d7264662d73796e7461782d6e7323223e203c7264663a4465736372697074696f6e207264663a61626f75743d222220786d6c6e733a786d703d22687474703a2f2f6e732e61646f62652e636f6d2f7861702f312e302f2220786d6c6e733a64633d22687474703a2f2f7075726c2e6f72672f64632f656c656d656e74732f312e312f2220786d6c6e733a70686f746f73686f703d22687474703a2f2f6e732e61646f62652e636f6d2f70686f746f73686f702f312e302f2220786d6c6e733a786d704d4d3d22687474703a2f2f6e732e61646f62652e636f6d2f7861702f312e302f6d6d2f2220786d6c6e733a73744576743d22687474703a2f2f6e732e61646f62652e636f6d2f7861702f312e302f73547970652f5265736f757263654576656e74232220786d703a43726561746f72546f6f6c3d2241646f62652050686f746f73686f702043432032303139202857696e646f7773292220786d703a437265617465446174653d22323031392d31322d32335431343a35323a35362b30333a30302220786d703a4d6f64696679446174653d22323031392d31322d32335431343a35373a34322b30333a30302220786d703a4d65746164617461446174653d22323031392d31322d32335431343a35373a34322b30333a3030222064633a666f726d61743d22696d6167652f706e67222070686f746f73686f703a436f6c6f724d6f64653d22332220786d704d4d3a496e7374616e636549443d22786d702e6969643a34616261643532352d663162352d383034352d616162612d3136386235343832313339352220786d704d4d3a446f63756d656e7449443d22786d702e6469643a34616261643532352d663162352d383034352d616162612d3136386235343832313339352220786d704d4d3a4f726967696e616c446f63756d656e7449443d22786d702e6469643a34616261643532352d663162352d383034352d616162612d313638623534383231333935223e203c786d704d4d3a486973746f72793e203c7264663a5365713e203c7264663a6c692073744576743a616374696f6e3d2263726561746564222073744576743a696e7374616e636549443d22786d702e6969643a34616261643532352d663162352d383034352d616162612d313638623534383231333935222073744576743a7768656e3d22323031392d31322d32335431343a35323a35362b30333a3030222073744576743a736f6674776172654167656e743d2241646f62652050686f746f73686f702043432032303139202857696e646f777329222f3e203c2f7264663a5365713e203c2f786d704d4d3a486973746f72793e203c2f7264663a4465736372697074696f6e3e203c2f7264663a5244463e203c2f783a786d706d6574613e203c3f787061636b657420656e643d2272223f3eb45d82f8000008af49444154789ced9d3f76e3c81187bf95277036ed134c2b74b470e66cb08e9c497b02714e204eb4cfd1502718ce0986ca9cad94395bce09163a81da27d8decca183029650a31a04088080487cefe191680044113f7475a1ffe1bb7ffcf80b13c70029f00eb8cc3f6d9e5e2c657cbeb87cfd0978ce3fb37cdb647933b6010a16b802124408dbf278932fc57169b0dd21c23c00dfd8093709a622480abc0716b417a02d365faef375073c021b44a851f96e449765805be4c224631911e0801523e69c3172880596c00d55ffbf0f9f2f59fef93bd532c1006fd99533494bdb36f9f70d70c7918539a62016b9fb6e1aeeef910bff046cf3efeec07327ec8283f7a5f53a16f9b2e188c21cc36519e013922bf6e1817ba4c0cd1836224a11777945b3726bc31184195a905b2457989a7d3c3b11b6431a53438ae4862bea6d75c8ffb91fca90a104b1c057aa2167190f7c01d64ce7d9c020b9e613f5b9660b7c6080dc72d1f70f22b9e257e26238e46efc0b72b7f9016c38148fb8a64bea2f788afcc7a6e56163fa14c4009f913bde28db3de283ffc68059be473688301fd18531f93e9ffb3c695f8258e017e205f70322c48a69e58826ac811f88df444ba46ac6f671b23e04b1881889b2cd033fe68bebe15c63e110371b736316b906b6eb89ba0a9220be5433648be48a878ee798121b24b76c956d16b91649971374112441ee0aa36cfb8218ee3afcfe5471c87fbb53b619e2dea211870a921017e323cd1e025f3b2be4bf86183a88728820165d0c8fdc39eb430c79a5ac11b7ec8374c381654a5b412cf5626cdb1a700264c87ff741bae10051da0aa29dc0e706652d7feb94c8d045b1c0cfb4a8d56e23c86774b53f70de62146448781f922055318d682ac802bda0fec86985b55dd9a217f44b1a063a4d04b1e8d503779c5701de943512f687ecabb0049a09f295aa0fcc90b06f46674935c031c8b5ac659f200bf45e1b9aaf9c79c907aa857cca1ed7552788452f8c569ce61378df384494904fd4445d7582aca8fabc0dafa3ea7c2a3c500d7a0c355157acc5d02255ca2197ccb9a32d16a9743441ba7a2d633964a5a41dbd4bcc89e088475d15b41c62a9e60e8728fa1ab048e1f9166926d6d872dc6a1e83de4c51c9255abfac55c3b4a9b140daf39386fb6f873244c1231e260c7b97045157e8b22cd5867bc7b40b728be4e8af4ca74baac6866a185ce9bd190a922a3fb4eac79e41b0c45b2ca748589618f6e410ada0f9d69f3dbd628837924d9535d55c72555e290b92a03f77b83e2dea915b5e4fce28f054dd7f42c933950559283f30e5b26331b60107f2a0a4a5c59772947515ece4986e0b604ab3dce1d12f40d69b25edd922769952da0d79595d0862a9fec1ed7036752669b0cf1dd30d48ee11975b60f3c5152e2b8d1c3455ec9eed8f4c570cd073ed35ecca90d05dc1b49b65cd9eedd9116ce8424635dafa1e768224c1c6ad72c04c7f78aa374d0a2288a1ea029e86b56786ea35b680b9402f20273f9bc009902969ef6382fc77505366408f622f2fd023966c484b6680c8b08637e4a5fb9e1dc7c0121f16f76ecfb137c8f0e718774ce339cbf1324358ad3dc41dc39206a434e83613c152ffaca20d251803c74b3bdf692eebf723193326d9d806e48465b529c2de32bf1dc79651f1631b104115e4d4c9c636a0840fd68dd6ebe4d4435e3fb601257c9830c4c4015367d2b5109a20fb42cad78e1bdb8012264c7843b5b1642a64c4c3d3620ac018df8857bf67871a34002658f79a20b1ce65c726237ef12cf5823c338d07bf7dbc0dd6fd05d582e5d45dd69430c1babba0ea53c39d6686c386091754c35ccb2ccab1b0c1fa939643b41d67fa2751d2549715db79a65fac92965da04723c99096cc007ad3425644592ed850d79630d30f5a3b942f9ed4c30ed50973c13e24866a0e79825dd549a61c34e792e14895b49f6127c883b2c30f031933b37b1140996fb013c4512d477a9f0275e60f42efe3f2e5456d6fd897d7503f11f2cc61a45443dec7e24b5990ad7270e36985661ab350d236c59750902cd831658eb6fac4a20faacd8a95b081ea912acb1e0d3a77ae95b455792514644db53afe963997f4c5ad92f6e2193014c4a317eecbbe2c3a6316341854abb5a9af95b4399774c3a007489526ea5857d27b5e163e06c925ab8e86f5c59a5264a2e08e624573b421dc1b143bdb4ccfe49149832b3f32538ba5c55457b17e590e7d1a88433b3f9f332b256d43e4c6de37a39c0fd252e602be0d0bf4e78e68effb3a417ce4c046d39dce44a7d75d51e3f6f775255da34f77da6afaec33459b1867cb9ef1ff4dfaf66ad39d26ccf55c7568d3b27bf4594a5fd0441087eeba96cca268c45ea2b9a44184dab4f7fb1a7d22c71573bb49993f269109f842c3a94ada0c4758a137f56e984501a938dc28e98e1691691b413cf1b7ad6d386f51aed19fd11c2d9bc2db0ed8294ee0956d1bce53941bf4a8d373c08bd10e1941e5a817e59c0afa4fe86eca73e05bea0e1dd29611176585847de6c0df7e0d18e43fae946d9e0eaf80ea32c630232eca92d7357d6b1b2cf1d7cc7a3abe8fabeba0cf8c780db0454459763cc79428de849d28db1c722db22e27e86314ae23ee2f0d92b57b794fec8858e43facd15d71464f6f36ed6b58b443eaf7b58747905ae267e26f7a9b2a0629b8ebde0fdfeb6b66ff74f9d7451fbf53f01f6444560afc59d9fe77246637f97ebecf93f788017e02fe0dfc13fdbf78e05f48c1febfbe4e1c6b31ec8a451e94d29a7d1c52fb39a5f79218a49c58521f256e89bfcabb1343cde4e0906c5c67b4451a709e9107abeb816c69428a9411bf2177bc89ece791f7140ef626eca17248194bf34a488ff4c47f64d899510d7203bc67e742f7f105bd15b5578e214881a57ded70867424fb15297332da5f10c36ea2810411216971fc8623bad5630a5260e9566defc9877f11bf4886ddac72e6c073dc23616eec1c833086200516f1dd536aa3cf1077b966a408704c41ca2448017fc5f1c571486ed83281f951a62248198be49c62c61fdbf3ef3b76432f1e994ec80d4c5390108308f33d521b500c27b6f93613ecef4b8b438281e7fc73cb741f4601f83fc913e7ffa2a54fc80000000049454e44ae426082, 2),
('Instagram', 'Instagram', NULL, 0x89504e470d0a1a0a0000000d494844520000006400000064080600000070e29554000000097048597300000b1300000b1301009a9c18000000017352474200aece1ce90000000467414d410000b18f0bfc610500000ba0494441547801ed5d5d721b37126e8052de7697aa1cc0e313847b025327b07582c876b66adfec9cc0d4092cbf6d55e2983e81e513787c822827c8e43d29c9f6d3ae4c60bb1b18910430c3e1703084247e5594c8f9e10cf14dffa0d10d08481cfaf9c5102e610c03b807a0ee03c87ba021c35d4310f8027e2de212f75fe2be82df83fa03cff91d66f01b1e792e4e0f2e216108480cfaf822c3c67f886f47d8b063bcc30cba4581af737c9dc13e7c14ff39282021244108928012a01e81960f2310b0e2e2488e501f6126a7627a700e5bc6d6086155f4199ee1dbe3de49a84681afc93625a77742ac341ca35e27b5345cef64b2096c1fcec1d8874f76db1c6c57e43ff05d86fbc8ce8ca01da648cc49dfc4f44688fed7c50814bcc4b7e36627d88617f091d5ca3e1ae4968d63af8d04a91108f9a0f13d18f44a4c7442ac6a7a81577abefa60541942bdc7463b133f1fe41011fa0794548d92aa91a0662ab31762a212a29f5e908d98409d6a6249506ffb20a1f216e6e43cb4ae74150a7c4dc4eb83b710095108d1ff46d7f50ade409d6a206990f016bec2297a3749f40dd8e5967ccf2f56484d8ed2f23886b4744ec84aa960b534c0a7ecefd19eb22ea09f5c1c433d3105449096ce08b1b6e2257ee371f800544d125ea15a9ac00d02aab309de3b3d64e1074ca084ff7cf02374844e08b12aea0340e5d334c5d0c58fa9a8a67561a2076a82eef4f7e103d00bfc068eba50611b13625dca771022c348c5d1b68c75d758a1c60ab42b879b92b21121960c928c9038e728158f512a0ab845b086ff5d4587b3e007f0a7f62198d684a0f126f19d567cebc94db315ebc2da9617815da4150edb92d28a102b19bf06774a948a9f0ea67007802aec39b6e0cbc0aed6a4ac4d48a59a227ba1f026128898f609d4148ff01ff5b9fc71997df8e7ba36652d422abda93b4a46891a5bbab6a16f4c08f733beb09aca9677dc6d324ad4688e73db3e8d5c7e094df1459d42c8b5dd91c1607b21e0c8df81ded85ed0f807d18810345e2f829d22c19dbd3b4f4609ee6f69f07bed1a9eeba79fbf6ff41dab0eb076e3f7c099b7deb56d0bfdf42fd426f299b3b991915f2d21c688bb38db91510df1fa5b1afbc99dcd431b01af452d2146557946bca0b814ec500f8c5200806bc8c7fac95fb50375952acbaa2af2aa1c576e709c7ae83c15d83eca3b67f3259275bfcaebaa96902b8a6e7a7ef574474673e058c9198454578dd7152484a5c3f5aa8caa3a811dd643487591d7c56dec232c21463a9641a37cb72c72db07b8cdb47ae5edb80a4b896743826e2e4a87f8e5e03eecd00a18b21fc280db74d904eca32d71dc605f422aa40376680d36e02129f9aff23cae2509d949473c544889e771ed2d9d458c4947687a928e79d9811adb54d01ea03ec14ce6d820671019d4e8d8077905422eda8e21489692c9f5718b27a1df4c0c66f30dfd4887c9f7e55e6c06db41812df1387ab664584a72748f0fcb0f72e1e031b80d223c1fba735832ea3256fa40860fdf07ce608c08564d4ab9fdb8f1e275e7fa8933d21dccc037445d63b03abed31b34bce1a7382606d2578f8ad4b4c1820de1acf039485d450eadeba77f526821837e30454fe70f7f337680e7693d19b608b5c37b8804528b681ac888cf8917dc099fd05b2624a8aeb48a7653d75062bcc610d946403dfd38b41d0d2dfe5d30b43345fa3cee6f27b52597c2f319a5175127d23487547e8e5148b4ba475cf5d006b2070f2fd4b6523de27ffc417035d3222e6f4bb66192f85a56802d40c8efe85fa9305c09d90dcb4684ed08ba6d3ca63f92b325bc4c09f51176880ba57e73b6901d194a50b3cc3b58ca1c6e19aac2ddb0ad0a60a17d2db43778b0075a8cbc98efd71ba4b2b800888b67e8fda8b2240d6374e86e423250831cfb60ceb6abfb7ba53159c0e50da9e398720190933f7b5d2f5855cb9108c8c5f51e100d19f543dc4cbb0252c68a9a13bb3dd74f2ece2b12a1d38191eeecfab31099b413b9cc21206de9a04cc9062e3906454f83496b2941b80fbfb827033ab78074b1d67c244c0ac40f90b686724239c845406585e23d7d41d178c1bc17ab9d24bd36491602cfd15e79f6d1b526a0c0def218c53631ec2992d4105a9f933a6295e4abcebc4d9285556fcbdf35c3c069791dd0056c0fee6f4c8c90455c75a84a5d5dbd97480c2d60afd325a44be8c41d9505a44bc8be975c3682f6d8e4dc5ee113a21311e72b47cd0818b519cd0bc6ea528944683f6c43842c3f89b2af8c8f7ad86841beb451fa794c2ba1bc73f26422117e5b17d2d3af5a1f402ad0b09c1020e4b3ca2061e8f4277f1efb2194c114d28157c92c51469ca745dc8344801dbba913caa1a2970f4d48e1616931580e9d509e404ad9fb6ea75c102133272e9fce84940612dcb170ceaea462a21031947087fb5edad4a2e18aefda2e5c4705c748a8a7ee754eca017748009ca5f1c3c589378d8580091233c188690e6027c7a41ff80546c132245313994322b065d4cbc0fed25ec5400985e40b480454cf88a440c5dc22e3f981555f9060812a0f0c3a0322529e4b1e28f10ebe4a2eb99a1b54c0e15ac30326bc7d9864812aa540b9f88a5e96554d6e06c44348101c7fa25c63cdb620af3934e75a483c36d9ec19e90c0c9ac4c4a2cc5c24b5355ed89d74cf96bd2f3b35d4523e2ec586aef887dd8450c978f9a366e7ca10425926422e1e30a41f7a1372b36e62fe98cd1475b7e6f4d7662e06b24c16128023c2ed0365d03784a3cb95fa04b1114a6c57860396905509c0d1601e84670bd77c81f7710fc72bfac90b93b426092cf7e407fb1f203aaa13dbe7d9ef4abdc7065abcb92cbada9aa1f195ce403fad9630a8986a36364c4f3e6aa2f5aa3a9c85fa1039f5ce9e9904e05860e39b52efb98f7b09a92b318fd9b9256d9428545b941803ec292978b3b5b08d99f63c7e495b83a2dae5a24fad424589c7f8ff1422c236c47d333748cf459f80764c01f56fe2bbcaff9b51c073799b5354bb2c2166fd27776e2cd4abbbb2e82ee015d5128c062aca8f4b23867647ee7c4f66e7e8dd610398b1194f254fdd20ae3f842b82b94f13d8613388811f180de499798494b9b1cee66cd5c45b3b542338115c403a08e1ac93909450a72d76c9f02d047b56a1e59e2ab2308384544809cd42907636798aa89a08ae6200b03a2f2b3c67e071ecd90e6e138249162b2682ab24a472e2ad3e663bb80530aa2a60c8a9c8a86678bc3e7351c9d3c0081df555dec10ef5f81a58e4467392776d27bb96909a58d3d87a0e3b04c06d134a7d5570b8eadc95b9bd95d3670bcaf8f8bceb303ae055ea44a0df66a6652f569d2fa021f042344e3076366fb49acc6d83994c671052e7d3aab9565c34cf7e9fc151c09e0c6989069bd07ca761da60e04f35b5e64ce08d0931936fb10ef412ebee3a29356b8714ebac1d4258ab3e847560688d8c3b4c0a8f00562f0175b46e06e8da053bd6c887f42191f2eb5d8a79b1011f542c1b2878c9c0b56d6bab0a2a9b951e365242bebc0b2e312774570ddcd1e8e3eb76339d36f6b2207c53c7f80d557326465b51799ba85d09bb83954d37aa3164491141434f18732dc72d1adc62b7d62ce131f6775a03bee1b8fc4612727d2f6639d20f35490a539496939b2a2d562a484585b370e6de54011ba2134208763c3e2cca061cac14bf7c1b3561a24bd825c99fd9f18caa80ea995df3b7932489ce082951b3466c8902222c0cdf3538746ea2b559f800b61727ab8285eba27342080d5418a1001aabff1bbc17a76964ab37948872b1c8566eed2a4421a444036921101924f66ff107e6b00598e9ce294b930793ea88b8e4f18c88054051092118db42c3988d66782b3046fd1e66f22c2639762586512312e6a087e6c72e0c771da21352c24cbdc7d2326e788a994a956a574caafe655b15c10f0530016324e03b3005494d473df33e0b467b23a48425864a10da257293fe36b3e8149c0aaabd72bcb2ce3ee3a92b4c2d789b21e75e8928d13b2125ae5599960f92a98db73602875f4fb75516b73542166193ac1f21390f41f43cf90d9120d45b9ac92e85f2b824085984294de069f71ed4cec3dbfa024400ab3daad2ca53ab514c8e101776f007ed811ad9398687d63664d527d9991dc0363ecf23290bf80609483c7cf37f12a81ce76f8ad0c80000000049454e44ae426082, 3),
('Odnoklassniki', 'Our motorcycles are state of the art replicas of classic as well as contemporary motorcycle legends such as Harley Davidson, Ducati and Vespa. Models contain stunning details such as official logos, rotating wheels, working kickstand, front suspension, gear-shift lever, footbrake lever, and drive chain. Materials used include diecast and plastic. The models range in size from 1:10 to 1:50 scale and include numerous limited edition and several out-of-production vehicles. All models come fully assembled and ready for display in the home or office. Most include a certificate of authenticity.', NULL, 0x89504e470d0a1a0a0000000d494844520000006400000064080600000070e29554000000097048597300000b1300000b1301009a9c18000000017352474200aece1ce90000000467414d410000b18f0bfc610500000d31494441547801ed5d6b72d34a163e2d3b894398c27705282bc0ac00a76a2edca9f901ac20c90a082b8859016105382b20fc981a1eb70ab102c20a625640a8218ef3907ace392dc9929fad57b772b95f5520b12d4beaafcf39dde7250135877cd36ec3ad61171af22e5c3b9be0c05d7cd9c59f3608d90629daa903843cc5d74ef1b701ff1dc05768062720e557f879fb583c3d3d851a4340cd20ffdb7261c57f0c41a3837f75410d7ef46e38d0827e4e21903f9880d41720418eb883bfe071b2ad8e4f9186c7c23138c11191251e5e1d438d500b42e4c76617fcc6139cfd8f614cc0002fcfc3778fc1175f61d4ca3dbb59ca5aa30e4ad93dfcb30b123a78e7eef83cd203111c8adfaf3db00c6b84f020dd1e3ec3c1798297d151b35fd06c3d4202de8a7f8d06502158121b480e489a044fc2970728393db86a7caefafcf3609c10f961a50381b383b3753bd4ff1e100967eb87b6f43b4f8e8d119282d74412a45eed83efbc304d8c3142d48c94af816f18a5211087381bfb75d3e17c9d2425426c87af1825a67242946a3adf47d5b4c74448e7150c5b07755fed28626087a586ed8d1d892915f2cfb567f2e3ea77f9614dcaf7ad1e9373c340c4c8f7ab7dbe870f6b27f2cf956da8109548485a3da18df0c5ee8d9e5910498c7c8923460b809b734f63a9c09f776b7bf01783fcd0da91ef51523eacd5fbfe481dc98f6b2f43d1fec433ea2f0a5663748f74af1f575e42dd105ee017652b567bf08b80ed62645b4a9a80856d48682f3eb19b423677c5a3e111fc42c009481e86d7ec3ff3c55651bb528810dee409f109f714b4afd8bae9863b2f4283ff0947135791c15691bd556e42fe26238db248c945c8df64cc4619a46426844fda0cbed4810ce5833a73517fbb1c1b1172c06f588c7ba448f1c5fdace3938990d8804bfcc31219ecaa97cdede958c91406b6dcea095220aba1cf46082eef7835e53bf74d9211bbea01fd619311423db05b5dfcf3ea100c21d62412836967eb5bba12eb802668d307342369696b920c92888d73bab15e4e32082ebafcfb65ee179681c728805dfcb503b7cff6758fd32284dc21ecad95f285c97d86fcd8422f7103f7380b55531690ca3d41d78ef60015817874798493e8057ab8f774dd2c4b555642f48ec5c38b2d3004f485a17352ec405510c181f8fdea391800b959802445c3c82f9710f2da06bc0bdd0543a89c0c3e09ce5a537e281a3b2121f4802fc4424270bfb103ec42173d537683d554d564c427d3572545c063e7375ee0afdd65e79babb2c63e2a2055f5140c402d69d966184670df442839565d67eb9bf3565df32584e2ca64047d6144cf326463a9485703c79ceaa204bf05abae9984b07470905ff68da92aa51e5db0836ed5a159028f65b4ea9ab3fc9e2d21241d12375318d4076370f22c453d5437bb38f336f907550fdef6ae7a3d232835c9045647079c6d39c7c04fd990d0769ca83dc7650f0c00cfd90ded95e6013859028e697b733f82a156bc87fd4486e272087fcb849b85025b48cafe2cdb352d21ca76d08ce9832938c18ef66715195b8bc8208887a33e7d6e2af7771102a70b261049c90ca94c1162c3763004dcd3ffb07cae7b6d09f785e67588076000384d2843ff10477f7b32352a2d210dbfcbff1bb51d04caedd582c7ee882cdfac3eef697e5cf73a8ae3aad9075a71dd1aa6f625132a8b0dab67d479f89f0dfd4190a20f7920e0ade627dbc69c8fff3e23db81e101cef88f1113c28695bdb9396f3a2f1c5fdf832bfcaf9007d7427fd3d7c8703d45c113457478431c622c2191611db674679379f88d7c51c020c371429a23a479d167e34eb53121c684904193f0b6d649d079676f162954e57046101af7e3b05089c184847adcc58fbc01f318687f32efb2b429f5edd4d9c6004c42d93737b25d4a42562ed50507f0190c23d302c2491b406d4878a6f9c953e31ae25aa855a390acb61421d2794c1b2e8b19249ee6e7ba59dde5ca9dafbd5bafdce33b8970cc31e6cff58f212182d7dff9563065400a7dc974609ff3c274be96ddf9b207ba08c0ce82464abc7fd1a55f295945950ecb1c0eb9b210643a375eaff36999a470dc3c6b6c450a3b79c90e2fcb5ddab53761d4a272615ac11817d708e497c2e08d0771c1e552b45152a8f4e119cf6a213d5cb6936f881a09741305a559e05953d9b44f220e6e0f1f34790542896f3f6f23211657bc3ec6091a9cfc9605540788065b3c436950be6bfa91393264856fd85d94406b740c576b34069b0e92e1828dd5c50442efad075680ce548b4d03783fa2bcd22e1975b4ee614eac6da8ec0cb313c378206ec17508450870df901a20919d61108de71697fb6350caa990778910b7361282107f9c1f70dcd9040c67622e86fc414d721c76a605e207d408e2d1a85739290643d45a10aca590105a1e9ad6db1a6052a00a9b42dd241a4f6b450641ca90901a83e3e2d7ce7dbcd8b2ca083c2ea5a871616aad092190c1c5d9bc43852f907f59ec71e1ccc38bda97df35e18620daa724fa5c51324667a25b5c84012847a167b3ed531e34553a4aee4298d2a0aaa47e762840b428cf369ce1fdf027ea1637befe516b62937bb1f89c54a3480b1bdbfd18057370dae4089923ef80258c1bd59c77d9fd019c944c6b72dc3d5f2e5d6985839818c8d1b243122572c33d0c3db4d975b4714e6510f65a30492a5a15a78e5a7588dfc002e262a069a722255bf4aa6887c439c4734be40475bab3d3a74588bbf8efc089768860035cd1bb505d8e6b039198bc03c5bd58d01d4f5d8a701df31a1607ac5c9dc29af2a1922bd086c0b7283862f4f49c7644ad5cb5c0c4908b1ac939e65073e472bf6ea6229d4a05725203f576eca8b0af74337a80bb140433da7e9072907d38244206a843dba4578d1ab5c8ed9f1d34c89dd8e5ae484abc4d5f1aaee68b2dea292a6984100e125eb1a6409515847e2c5ae198840ceabd1415e23b980205090918247460f5d2e33ffc865942fcc600ea8c6bc75c8e4194a6844b6f87832389ac0753b01b905a06c3d9ff013ce0ac1f3419611ad038ebc1282820253324ca99808d805522eb471112653d185e7fabfa0d94d1f29c870521fb305c37dbc7458db91b658d2a4226b2e74c22e53cb4272da1f3f172d7b8fb24aac90933fb999071f65cce54cd124036453cbad82ce8d5cd8aa417d8031b88b246c33d4f72a54e597b1ddbdda79918eaa94255b501bcaa406a5469f2d9fa6f56898070ff418d9969931b624c88cf6aab0debe73b5003b02afbe3628fa586cb9d61af40f4f0948f479291844d8a46d6c2257fb5a24c8408621b1a13a2668a3cb6a9b6e681c599dcd3f9fb65f1e391ea179c72b6595d2572c2d2ce05e990daeaea26339b82ea9b9521697ae697a0f7d8509f2c1d84abab2e35f649be9e266441fdb42d944246fc65352225ee0790aec94911b2a87eda064a2523fe52fba42cea0730ed0f9d533f6d1a9590117fb965529aa0826e333c023383043a7d9daa44a5642421644f274c5c2612bdf23dda884ebe3f3b6210f575b22025c6c8e093599094b80fd96c7fd94c4242bdf60af5dcbe49ff566e3268f3281b4f73ed530c92a2d34b667e4c6de5a2b7a8af53d92844067507a26c4429b76a4d4a43be5ce64d9e4b08afb8341b3716456132c2d9c61bc89a921276cc7bb2aca1e8f2bebd197acee681ba5027bb144e9031f19deae90d7976f61534314b34141d2ceb7dbc3c0d2043cfd97cc8d1da6f0119846292d2285f4a78eca867fef2dec74b0949f59c2d59a4e392ec4c072d2623420152ba656e8ac3c6055dbc66ad8c48ad4419ae6aa25517e9597ae6525918b5b2ddb82619110a494a09e0b122db886104f45c1fe81ca39d3da6728756510f0ab72c7bc2df79bd7aa2a5eb3392913a348b4d21ef2bbbfc8b21f9e09b2cdfa79d4aa6565dce53bce0d3b2f25ff93b75da59142083cf93455212c1a2bc888d78f814a22cc766caed8b9312287dbfaca4e4d5cbbd8551c1826444d022a5848c93d46304735c77e6644bd59d5996468a92124e70389af1b657e6a39598142e919b39010a9f2b4506c85cdf95a3074578f2b15e2ee5818af177469d41fdc6a0ca78b76adeecbbe1b90af7399922c3e463f3e28ba880949b88b2c82014ca0f4fa800dafc7c2975497c43c0f7cc4f2002e00adf82250c85ab70c7d987d44045bca953dcba6af0a60fef19ef7f50a6ad2b0de8f73af8e51edffd0eefb906e1eeb990efd6f7d403eecbaf0fac03e88975eafe562b79c07d21a33e0fe3ca5a2ee63ca2a7f4dc74833f714f9482ba7be3ee899ee121dfa3a4b01a5b7d7d13d518a9232e1855f7f0bdead850251292847a2e2cc6913974095c7f8e2bb3c3bacfaea9c7bd529ef1f97ae529a8951312618218e05a0c5b45fa0bc07b2b4a141c37d234aa9e8c1112619a18a0f2e63efc6fc35adf7996867f9c6d2311b48fea72338580120683bed1d268b0404884b8894cfa39514738084770d5f85cf58ce4f3aff88f99044125da2c0de880146f61d83ab03539ac119204fb95f87119e241829c01d000398187a47d2dd21c266e6c23c43d08a8da38f52cf6018700a438b2592b12a1168424a11c8c3c685459d4493d654d705f960170bd07ed8ee58f29773acd7447dc095b55b8f8be3b1198c2e385c7a517be785b371b563b422611b65fa2eedb38bb61139d3d51f9b6ab067d320a480451ff42199206dff0187a0ce03718def2eade3bebffb45ab5486fa608170000000049454e44ae426082, 7),
('Telegram', 'Our Vintage Car models realistically portray automobiles produced from the early 1900s through the 1940s. Materials used include Bakelite, diecast, plastic and wood. Most of the replicas are in the 1:18 and 1:24 scale sizes, which provide the optimum in detail and accuracy. Prices range from $30.00 up to $180.00 for some special limited edition replicas. All models include a certificate of authenticity from their manufacturers and come fully assembled and ready for display in the home or office.', NULL, 0x89504e470d0a1a0a0000000d494844520000006400000064080600000070e29554000000097048597300000b1300000b1301009a9c18000000017352474200aece1ce90000000467414d410000b18f0bfc610500000b8f494441547801ed5d4d72dbc612ee01a9576f17be1398aac42fd9993e81a813483e81e55d36b1a913443e4128e700a14e60e904664e107a97c47619be01b3b5284cfa9b1f6808110440021848c457c522f80b60bee99e9e9eee1e410d477f247b1da26110d1a38868bf23e891e4b7f9a39ef37031378f102f2249ef03a2cf32a0f70ba2593816736a3004350c4c407f2fa223beb201bf1c926e7c8bb9d40d1df285cfb9b1ff11baf163f0e7bd40d0379634714b9e057e3be32f5e82a40f6331a306a111847c37924319d13137e411dd1210f263ca0d37dbb67743caba440311d1132968c8373d489e87dfbff8381653f20c6f84a091fe13d12b6e8863d20d84de3f13dc73af03bae2c60fa942fcc09278c31228251d71231c9bb7433effd9d7807eaffafc69a89d90c7233988223a616978ce2f7b4cc2d49070e14bbfa373ec31294cce73a1d52430b916f4ba6e626a2344f54849bf91be61e8ff8b20a049d374b8bace88ce487718a056622a2744f53e493ff3e188a096049df378306ebab50362f83a4f587a414c9f6a22a65242be7f295f45827b1b5413dfcc7d20228984c4a831e6ef37e2822a422584b8ea0963c442d00b5f836459501223e91763004caf2bbaa7d20971a48220156c4a8ee901818d9213d22ab8c793d5d77ffd5aeefd9546883b563c14a94843c240197f3817a754124a21c45ce05b3e1c18a938a31d004f68cf84ee8421abb0c3323ae0d6841832def1618f55d58b4f6371493b846f47f238d0d2322f8394ad08c1248f3419f3b27ac87d84db29b9450fb7995b6d4c484bc632ca226523425a3256a30c520a13624efa07b564ac844b0ab7cfd3a2ed538810e764d492918e6dda29a00270986fc958833fb96d7865f3900f31377b8b395adedfe626e4f12bf90b3ff5a3073ce12b1320056dc5870333612e0f708730211213216a51086833b4ddf73fc9519eef678e217610c76adec77371482d0a830981aa1fe419e4335596f1d9cc175afc5a6c808e69bb3ddd966bb19610e5d964071ad600da716373603c818f8f0f8759aa2b556559d3cda8aa67d4626b38aa6b3f6da12e5542d42a195b55acaa4a732def3a8ceaeaadb3ba561202e9304b969356559507a5baa4525d230404aeface4a428c74c0c7ff9a5a948a454058619ca70df07708b1d28148be563aca07c60e9692733e1c2a276d02770831d2410b5657d4a212582941c060f2b3252bcb58569ff970c2ebc43b3befb061ae6ceeff53761083c5b72fe518d19b498b6b49426e4c18e5ae8e1d08fa86690a8720abecd1a2ab3a672540d4263ff5ba112dcd4b9655169b638818d9a5b103d2f058fbeade091da811924961606df19e2a8259bc9a0a1df11f232604bd0317c20bf613da018088ffbf943fef41450ba5d361cc60ce754c9a90b0ea8e2923bae2a781697b85ae3d1018607844f91aa82f3d58e0e655e88ea4a13423283f5db2e533e5c3d81415154a87c5a243134c12911b43a4ce7f4b085fd5015fc455787ebf626ff34005f1453cd1452e8a8cd30d149894d3202229b594c488344195028339abca9949545263895259c61eeef3e32d3d20c06a4ca8a5a1f3311c7e874cc63751820c850ed5922661d456bfffa39eb9db31444d509039440f00d65a82092f4df4bdfbb9d4c1d220e3c07c7e0748a1a31ad0ed900a2ceceee92c2ea5b24c5a57789fad2b27450ec1d0fdb4efb1349c7f1a8b1113f69bfaee6ad496ad0bff165f4b28027a82d78a102441d63188558138454e2a77cfba6002240b3de3b9d6ccb8c1876bbe5b6f569764cd24f4f574554404f7a848fb57ee0d5c6b29c80e669ab18a7af65f52d6935a9358f765d6ebb5764ed650339e8f3c57d9c25d7b719d9a7bc50670d4d28889c8155a635594132bd5cffa8de8546f612da1a3f2e6b15e72d0657fc90043fb829a4b489cc79ead965ccc31d163322645c800ea4e4445dbeff1b358d07e976fb08f6a084dccfd73d5922816f41ae76b608c89e36d734052cdd241f17c04635cbfcbfa17a37b480dc1266a6909bc8e73cd932cdc24cf419eb37ec61c23f7ff484fc60d4a8674f8f6bbe68577e950d2102993f5a8805a723177731a4dae6371d77947c7e47a40a824840fa0b2a6e401b6820221171c2e8dcdd38742feedb38f46f763761ea54cf8b2c0e3d417f200acbdf03da0260bf55055876a44ac96a4f2df6c220d31e018fcaae38d9594830cb921198cb9afca12119f3b204388a84965292278719f89389625a49bc231f8c149bb56b36f4a9d7d67ff9f474bd370d0eb528d402f6613f494d7ed219e0794d30c5df5574cc60b5b4ec9a464c3313aa46d20fdfbf26a2504f853fbcb4e708c50d544059e4c2473e0dd946cda16819fb1d445ed84b8607533e1a789534f64add4d859b77d5d74c29785264c8e41080a876d35b06e8b1c52a31c839f9c8a6f6593419eeb314a3396633d648e1a85d410406a9087c27e9d7dba3536666ef93d33fb46e2699f4a82f064ee5a045a28e60126857c31ffa38641498d8cd7f787364f0fb36f2ae00ac98b3a966cd742575b0d2121b0581e5113e10cb2f0844232f85a2754858af5ecedb6c34620b5a8f6a981609fd465fce2860ea34575d7e9bb2229cad9c28f16b0ba0af975af48ea6e5d5081c9c6f24164067b7cfb540124f95557a6ed7be0021212e2cd6e19767c0590b793b53eabb003aa00d2f3f2b5bb4818dc744defb8692621bcf81fab2da7be6eb9f0e7e1d5306d8f7950606cef38eaa169a863b2167836798de423ea67aee3b2b45a185203613acc34c757415c48c531f75d3bd88dfa518420ea819ce8b9a6416639fdb04ac84bb6aabe88a40b2af2df9edd253fe85c433c54d4a82224193dd738ac73fa3119dcc34f2049984c7e782310348e64a390f2c0b387d7e6e460c3013c2b428c2f09e3c8113510668e70d7cf64c848be0df78ba9c633a52c78f6f0226a949f42ab36e3fc9048bb29064d9c8f0077e60a2964582869619f98ccc806f3e9e1455bdbc2ccf6bd9810635ef6ba379bafb8558ae856b5a091d791e102256b8da3325cf171e8d3c3bb67cc78643cdbf76242a016d4fe1d0d555b769cdba42eb09196fda4b4788f67d685fe43d76d93cc3184da5a993fed1ba680cbe936459a93d2e2d3c36bac2b55d8c77d7f899075f9d34d401975e4412cea56a9e0728f1e5e5b0f2099937327f6232d7fba457958570fe04e2587b4fce916e5218af4ee3dabea01ac8c8eca53d7a9c566706201a6abaa65acac0664eb3ab552523e6c1db2b46a19a9f183662c7965a424a4165b234f2d99f48a728162729ea770638b7c60cb0eb58fd7d6214b25442d9fe62cdcd8221b2ade8c67e659054533439e8bd49c6db11a4e41d130abf67166ddde2235675bac86a97ddccb53fb389310b7e62c722fa84521983643a19b7237a584d5851ae6d873895ae402dacab4596e974fe618626172305470733b9e64c3ddf8069ee6bcbfcbbd5d05ac2e1e4f50e11aa6f0bbb4bab32d9666e36a17a222bfcd2d218993b55b1ea560db2d8f0aedb003a8f5f7dbdd635a497190dc146c93ce5a58422cda9dda96e175db3c8b96148d3237962cacb25ce0c43cd03fc531abaf3f76d124c63d9b3115eb1b4fb78d82dc8a10c0d9910ce9586f7769f2887b0d4caddfc66c4eecc2baeca9c20de09b0077fb6e6406df90721896b290572a21c0772339325b5a2377f1ecef37a250ac6dd3618ada9ce1d82d7653164a2704707b90a945727adfa5c5bda764f18232510921166a53312d2d7d7e4caecb76b0d500a77ed719254a4055814a09019c2a0d2a4a8fd5d8e46bd0fccd62960aa9a16252c963451a2a27c422410cd0488989cbceeaebec55a99e56a136422c561033355273e52be468a936bcced798f3faf70562d4eaceaeaa9d100b450c6efe768c51c5c8f8f525c22babee91f0c13109478604c432f7543695a0ab05d1d857e7f046888bb8dee27235a0902f6e866d24905db4d8a2388c2a508c3cbe889ef039d0f843f73cc88d413a86efe201402308716122ef07a61ebdddb5c142650cdb6794264c56c343890a14d311bac7f7cdefdd2424fc7eca5f9c5d6b35195283d0384292707b7744b42f74595b558a8274432733be40d0dc545ac5468e5fd83ff4390ae8cb8ddecea9d1a1b1ff02de4450a60d2c6de00000000049454e44ae426082, 6),
('Twitter', 'Unique, diecast airplane and helicopter replicas suitable for collections, as well as home, office or classroom decorations. Models contain stunning details such as official logos and insignias, rotating jet engines and propellers, retractable wheels, and so on. Most come fully assembled and with a certificate of authenticity from their manufacturers.', NULL, 0x89504e470d0a1a0a0000000d494844520000006400000064080600000070e29554000000097048597300000b1300000b1301009a9c18000000017352474200aece1ce90000000467414d410000b18f0bfc610500000c6a494441547801ed5d5b76d34a163d25d959fdd3abdd23208c80dc1160be2f1032021ca0d7eabfc008124690f0d76b5d1e660484d7376604e48e8030027c9bfeb81d3fea9e5d2a07b95425c952e991c47b2d482cd996525be751e79c3a25a8e578fc46f6c621f5c390aed19cae5340d7a4a44d92d413827afc969ef191319f1ff3b9531234e6cf7ce3cf7c9dcde9f7de944e8e76c4985a0c412dc3e08ddc0c37689b077c8b07b6cf03bb493e2199a8804ef8e77177429fffb3234ea94568052183f7b21f12dd9344dbde09c8005ff34448fa3c0b6838fc559c50c3688c10a8a2ff6ed01eab9441dd243821959a3b6852726a27444983a401ab8d6d4aeaff54f0d33c26d88748e5e0f73fd4b11804be53d03ff8d74d3ed7e3d75b540c4326e669ddc4d446c8bf3ecaadb9a443feb59fe7fd1868a1d509db9293ee8c4e8a0e8ebaf68c0912b4c5d27833ef3d68d44a4ce58428d5d4a57dbed0e3acf7f2c09ff2fbdef2bfe3e777c4882ac4239654bede8049ba995365d6424ca5843cfc28f7f8513fa014d5a42441d2eb3a4870e19c1c56a3224d8d6a1bf3e2b6784d15a11242fecdaeeba44baf284535401a02a2d7d3291d0d5b323780cb1df09c8747653f436a462c2dbb55488b7742b2a442a9a58a9f321f78f04e0e5289a9485abc11a26dc5217fe1c0761eaa2990f48cd5d2015d20b03a3b603bb3478e078cffdea3e7b7c513f2042f842815d5a14fe416f3e16c424fdaa29a56858a1e842cf501ddb79dc7e47263423b3e54586942944b39a7373632b454ec3465ac7d23558db10aeb4ee95659524a11a2e7169fc82ece23968add61cb624565a10c7f97de58279c705402daf9ad4408a630210f3f4888efd0faa5929e5e345bb12ab46dd9b79c1a07826e1525a510215a32bed8ce0573dafdedae18d215c0830ff2310fe0a1e55461525626c4a5a6602fe67c136d8898d68987efe43d36f6987325f2323c57f965559bb212212e6feaaa92b180d3961630f4b909c13ce34787d5d49a0c2b5234c7c97cc2e393d3e50f28277e847464736dd7644480bd606766c73c0e6facd3b51a7f2b7211f2e0a3dcb74d8af8624fd664fc04e65b2c1189593b1f7bacbdd24c64aa2c1d28fc9af8e015706d8be2e17b096db2671cce65e43325441971134285ca0f680d2b5edc11c8fd8c8cc33d1d014f452a214a5599469c3d87d919790ba65d56204a41467a99d1c7dc25ed734e95a55515267fa67f3d687be8bc2dd0739437c6e1319375dde575392564125a731ac33519f9f1e2ae38268bea4af3baac84403a4caf4aa92ace29d31a2bc1a6bae075a931b6c04a88968e2520cb77d922b7750063c60ff333f3f8c42125091b627373211d2fef88ebb4462170c8be174663ba6402d80dbe6ebac10909714907ad511830e03629f97f27591ab524216be9a80e0e2949785c9df887c0982932175d3a545074831d145d4daf0e0a5515894118e6a9e3c577945dc680417ff05e3e13cb49ad5e1049c9c1e2c0d2f8f38bedf86b48c74576735192f4034fa5e4c0284545ddea5f947eedf3bf2134829a005b803a648e417dfadf862a3f2d8df954ddc7722db258fe6e11bf7828126112cc3b76a902e07a1d41db3e4b68165052d15513b27eee0fe9dcc59f1bfcd4625944244d7ddf2a7b97e35c8111e7e26bdd5a14829c4b88aa483730134943e40b61407bf0c75d4f6719ac4c06c0920369e171f822a242bfbecaf53049e41121d1b1796c1ebbd72076434ba28327a3d2d0bad6e7f8e37d92a2bfab4f1e10ce552dd9297e774de4568596047309c5f9245c1102f561c904bea58a80ec1ac5bc0d90f2e8833ca492c0a0f1776556d967010fa39cd3ee84a2503a1be3af7f923f706671d92ef3d80f34e18a10d669891a239b68f9c2649eace352eaeb83fc52e6493c0b9564acb408c80665f8037a15a27881f53d93fcc46794c236b64197eea99fea060cef8a31aeb2dab01b90d58584f783fc4bdeec5ae2f38e52cf324059930e127ac3744a3005a6dabaa1aea75f9b1252695a767246a7ce9391ea1cc2dd2c202d4597af25a0ca602baa31d313c113e3827dfc084c7daece49fa4c1542dfd028e36d7d783d4ccc2b65e3f2a1b4ba5a80f5fc4e95057ffcfdbf2f1d88ec482fc0da3bf3cd41f66095c60aa40f303f62e30a72eefbf27632e150abbec07629a1853a3c01eda88590c609ade32a0566ad1c36b89f7b49b456652c3528e13cc182503e7652558786cedc9fb4d9c082300a8d38154bcdf5800de10de3bde33ad671e01a7c3f85a2003af431404804d2c313c1ef2c3d922e106c5e1b5a8604e819b27490520cae4740f5c093433911b510d38a551680f94efc35b445a01ab9c40f52f53702a080029e940ce83b3f0447d4369c55ff60aa0639cbb8d6d11d75e238a51ac0c49f4a8438d06086da051536aa416dcfe7f42d88d911d616086c265cde6f54036615bbd6a5200c97b4beebf672175bfb4695a1190f18511d1009f3d01c213a3433a216622eeab92f9bbd6e8c10c0516ed9282a4f3b64a05142e08b632d1eb58b944653d6094224553b433581852e2c29bf983e7953e008c2906a8239e50040c8d2d31944cdbf6a052405796b24851a266658677566101a63cd7f7b4777f0ecfd3c46ffa49aa1eac136e850758983a197d4a706dafed55ebb6c4649d8ebeab0448c8d20d035aa19a88be234e9d679a0b1999962add201a037975c7e3d0e102d35deb4490da068a0d1079aaaec9746420d3992c0363919d4957388a1c940631395fd3a3168de077b9df644c90d6a0058b7d800298d2c42b22606990b640c47893773a2841a8226e5561dde9656558dac97e46840df3cc689c1d3408baa5901b14d0d02ea0b6e3088a1a88c7f243d4f1e4106aa129b6aaac6ced40df37ed44459bf36d596b7ea8d3200317a89f1d0a7e31523e3949a437fe9958e302b422c0507bd47f92b3d2a03e627486251d497cb4b04a10d6438aa6846f82fd0ff8dccb3734ff5b145a09601bc9343bd78a84ffe306a8164580bdb1711e6734dc04fe2778a3f85581b52d3ca29b5474887b6aadc21017d599edf16ad4815a3a4291e89882f79385f41c5e9c4b741bc14933f00b5e5bba474c0fe370ffc7e7c53961ffc2084e797f58ed14cb4a7498eadb05dc4f22f3fd78788649473465101b04f60605efc2a7658272ed69e54155dc644f316cf315ad53ecaa6ae44ac1a7ee9814ca8ad8c36103e90bbef7a0eb4a18f7c1af22caaed1827938b12bb8ad1ca746f3c950b72e04c60dd1de23c5904a9b6e58172d9478263722f5ade1f18cb254c956c2eaa5d2204c999d0e830c04f1cd6c3d5620ccd3c3b8a8fffc6a44c3b3f752e13300ecf68dcb6bda3f24058dacab2065a9a72246ca8f6fbfbc6e17507a09240576c1124fa652516d52652b8d6e09e5c7772280b877424c63a4188b53c87ddb4acc65b6bb8616b04478e8498b5eac42625acdbf6a1d3698d95e05a88ea4a8859097114b1a15747e995b2570dae4670aef08db32ecb51c4366843d0f1a2406d6fb16223382721aec65b3c3f78b5565dd950aaca62c8390ff22c2db8995ab988656789cc1d1ba7b09b68ecb886816937b9c90dc6322bc0994a48cab2b37e153d4a2e0b3036d292e4cbd33725b3b6d7d53e1bed308a2ef0bfcc404b286199b7a9b6ec39a20bb9a3dd8e197ca9dd642e1b1c7d7a81dc6dae7257bfb367b063a904e9618b065b8dd155831a83646864e5ca96dc84c09e681d9828acbbeaa438f70e2950d9b2d2fa10e840db1e197485494106d0b90554403babe6ef575eb0a38cfcdcea7981942f5729e60503aedb2226e6659c9fd92d92a92cb482eae55d317490022fe1f02ab8c40fd0704ddaf344655a3a95aa2970c4f817a86c47e52691b613b68f9d4d4b1779a89cb850ae5e329c52c3fee37522658bbcc880c366949c0278a9ba51db9176e8534a3d151a163fbda8d2125be165adc2f1590de9ad0c4aeda89cb6a93d1a4b7260ed654b8ad5f2406d49bea17a2ec251b10754051dcfced49ebf5e2a73bcd7a5a5ec111be182a831651ff17738a45ed90ba2a7beab212b2814cca5c2ce89f9fb84de1e35b424c0442e8920bd59a428e6d666a1124216c894960820e37826e9f5b0a1ba2ad5661d559a422593d2888017f5acca1dea2a250450b60569cc3c2d5ca358d9db1913542539f1e2ee2c12ce11d90aaffd7bed97a909da3d5ea50db86aa58ab52b73e4f7031a1755116a116bc80408b5fe1d2b9710e2c99bf51ce94d344754036a236401454c407b2e17320bd0dfba8bce29bff84326b77fb8a67fdd4485bd6e8a5024e55c2b110bd44ec8020b55c65273b38af52045b0b011534e5d37b5f6b03142e25033602cd6f15001bf2ada5631df0a42e258b5027e552802a0f6a27595a3b62d5b681d212654f267c6f6000d9fd16358524fdb864dd767945d41239b68afa913d547923db88d198dda1ebef90bce1729974c0201460000000049454e44ae426082, 5),
('Vkontakte', 'Вконтакте', NULL, 0x89504e470d0a1a0a0000000d494844520000006400000064080600000070e29554000000097048597300000b1300000b1301009a9c18000000017352474200aece1ce90000000467414d410000b18f0bfc610500000a70494441547801ed5d5d7214c911ce6ab16b82b583f109b63901f209189d00710244d812bcc19ec0e2043bfbe6053b904e807402c409904e4073028bb0d7b1963d539b3f55d33da3f9a9eaaeeaee91ea8b6810c38cba27bfcaccaaaccc2c057dc72b3d80ffc010347c0f193ce0bf0172bc06f8f300145e5568b8c4d7e82acc2b173081cfb0857fdf857318a94be83114f40d2f740e63788cc2df46e10e41842fd05341172c7480affc5a1542d07dfe9c66d2f239d2e8f3e7789de0ff5dc05b750e3d423f0879a1490376f17a0c250124f4331cdde72cb8df3718dda465ff4682153cc46b88af6c5fbb8f8263f89b3a838ed11d21628a5ee24fbb00ac0d246c19b95b708ac22920264413872881c7e61908055e87a89d1fa3df7f09da27645f6fe317dec391ff944d89c6d149247c8723b42bfb4e83e3172425c3671233499239c2eb75dbc4b447888cc8776c32481b322460825fba67369c9f73825a02480ea16562e21322a6e9aff49371ca3fc13d18f57db66388d90321266f8b98b8843cd72f79b4c92ce7f54610318f598d29807ccc1b750c9110879059f374864efa59574e321884981f812600322bdb90ef445ab1afffc9d7817e05370dfb7a0fbfd767bca27cbf701a32eb2b6e86562c03698b460b2033b2119ab01f2010c21022eafc1e64c1f51a1ff0106e030ef421fe4983b0c059e34e8801d89c1021e383892b3d43324ee036e1cf9ad62fef38941380940c9a80167963f8c43f6fc19f6e1d19847fa813feee8409ca8264d200f535446efc21d4c8d878584b2151e89dba0bde7a84243216230029fe84c81ae353226309aaa46468ca3ce5e3474879334864ac400339f939753b9b4a64ac06c9866444b2a2e5c09e1eb87ed49d90034d61837c7342061d8364344159d1daec5b5eab040485430eb4360ba1041f90cc44764e6196f53ec43a71dacd7bab7620c11fcf3599fa6d1727bfde648dcd2a748bd52fa10ec8cc6b008e7f3582443649dd9e42423390c972305dcb4d5639753bc790c81348680e6bbaaee0011c2ddea85b6eb264972cc777040b2ddf7a2836fb03ff59176907a9d773ddd0e6255c839d75918c1760b186887614bca99f101657b8a145c91e4b1cfc7542843972e2c769011801e43b28f386761b1784eaaf1322da41ff7304097160b50438cd6806b38458eda01ca4a41df12033ac6394f3d3f938d72c21e3691a65f21df1710432e39a5997cc12a2703a463947493be28336af14e7353faebe5c12f2173d04a9a938828476a0e114281afc8265cf2809c98c83b9e23725b4812b1cfce4dcc7d372881993f50855e874d9923e210248d6199c9b1a15c61dfe53e6c364ae0ea18fa0fd180d6e699b8a17b49bb3892666eb479ee1e233df312fcb02852a8742a14cb8ce57be6f9d00293aaa39c9d90d9aef47b1a2f5db05aecf2820cb7116326d9491c10927714fd86c8d8410519922e8a89a7096f870edfb4480144658bcf9750fedecbff0d9b640b690dde0f63e299518823bb6d19a1c072d3222991fe882eb1fa1f421541079012121a56aaeef1d56671a33a07a12ca0e94a481d0feed11f8620b62f8d88fb6942e332bc5dc4b802e28e7d96ed06b42d2349254c019206dbeb96b9c205e04e39c9f05b9c8d0ad5bff11bed66fecb1e2172dc9d7bc2bdc33aa1a9920130c0ac6c0c47cafdfc1a38c0bf409bf4620e4efea2ca89684325975b5235681eaff8dec353cc88c53bd8cb6fef0d392bd955a32712444af9dd9f96a47dcbd2192bdec91e4a4210f01a67d41c2c35f4b96ef52aa001a52473ba8d033f6ba4671d14f9e997fc45d9dfbfb9221c40095ddf96a8746bf11b1eab682821aeb589355404cf86ac904b564513eac06e71cd98590561eb9c7270af41b6d15ae7ec56b909984e0af101b632f1b9c2fccccc81a1022e1a143e7f76b536ed11664c2828428ae0d8c1f50f4d512aae69d375dcadbf60b68a2a0b828d51d0aefdf663c4c5942dac4c433c78b4c5775d6a59c57d6f9d4e491df900ae11cdcf1ba25bf710ded1242f378edb5b892ec49d214e9a93574fee43718fb3ad0bbe83728fbd2a710b3e8b2acbb5d4208ff433beeb7c013526c45922b146fb8d9da7977b4e93716de5e1624cd662f3e90bca47e265174996d231c5c66a678f33eb489376ae4e9e0db81862fd015942544365efe086d436a26fab65dfcd4a71e3028147c4fab7522845788d036249cde37d345eb9f0f9d9062dc4666d434872e40a68bfa2df60bdb4ccafaad80b0d03c79b9c840fae00e3a53d52bdefb2ea05fd836d3ed1cdac09e1e98053a9aacb111c65dcfe9612848e8f9490ffd49de1a29954d4222e48cff31e98810826cfc84afd4529c8846c1c102eaa11d522a9b8499d9989a663d7486b7ea08429242d3ea9fd533fcbd3fa159a4f6497577fb72df6e0c354021a182b8b02bf58f5e6189582027af83955f8fa63fd1a0bbe215785d5222746398fbfd26ebc71222590f6dcf2c16813445f3882ea009fe3b97f427699b4f1afcde571c1b0b0d913965fd70345a08c9ccd47302e16f5807e45324a6543fe2ba2847c03685a94fcabbe0a6cbd6e4e8aa8648fca6a826fd760e7aa6378a7ac4efd408b3142b7f6f7d52061845ce21246cd6a8c96829a3bd94f44b45ed5dad47968136b67e563b7c988be2d0fd7a3fb08ec09214bf45a9e61623e1a6e722ebddeaf3dea9dcec04ffe3253aaf3da83ac4be40b458f6b7cbf340f26bbb881a47db3d0741cbef7b62b676a914637d3c4f07ae2efbc6b808b5cc341fe84fdcfe21a11d90aca94b7605f31b54a7cbeaa7130243ba630f612ef162969015f5d3098151f60398999ecf12b2a27e3a212056f40358b4a77e040beaa7130262323dbde7da7ed0e27e590e7d9d126ac2f621b3b1b6392cce3a29fb3a252d090ddb87cc7bb7745f8f56f5754aa801873e64cbf3b26cfe54e3c68d0953c891490d72091c1b372638c0b1a1a88275f0e8399bb004e5a137c5badec7eb534983f59cbdc518f379558370bd8f4bd31573d7ec66826416c5ecdb59578c5db39b0a9215c98c64e788f53ec4824229df72067a9efc8903aa07dfbc510f5c3fe65e8e50ee495fb69a44b6892857e3de6571ee1a52bd593af26839aac7086ef95b12ff821db9813d3d26694a155532a0de60f5d7108b7452db2ce6c968f5d83c8b448a2010198466358674e3ea2997b7714a4cdfb97ada69c30635cd8b3ecb941ada37797fab168ff25ddf9b3e253d399cb80a5a00512ad1461d005f0365afc62197797f8791f1515f37f228442087db7fbe914725518754fa7efb7d3fe0be8aea01f08a13f07ed8786d99d58a330e1446f84e7108b1a03d006987947386056dcc6c1a319425295d8464c34e71db8d68999d710921c894f010e490980228ab25db80c3622c115481a5f8f4e7567c457c422c668981de6a0cadada80ffe84f3a60631cdd322b44788c57562cef844867b70dad94c85b4e1177e9e5de3232e598b27111b5f2e41fb845888931c4e7d8ce0842f4aaf8c3d22e5fe549b418bd96dd3da82847f8a8363d4d5e0e88e902ae8ec12392e838a1f73f36a01242031191770177fae2b24d2805f51e86378c815af92e49c4fef430d9ac73810a816a563f483902a243eb66d2a8be4d4060b99e51420ddd70aa03e85f3f5ed32d2ef9bb852ce1d12d44cb7a382cd24352fde42227ae6c3fa47c83ccae29c875c4505a67c5bb3b00773c2b6a41149b6dcfb0b0aff335e5fe00f48446f57d482df000dff8392cdcec48e0000000049454e44ae426082, 1),
('Youtube', 'Attention car enthusiasts: Make your wildest car ownership dreams come true. Whether you are looking for classic muscle cars, dream sports cars or movie-inspired miniatures, you will find great choices in this category. These replicas feature superb attention to detail and craftsmanship and offer features such as working steering system, opening forward compartment, opening rear trunk with removable spare wheel, 4-wheel independent spring suspension, and so on. The models range in size from 1:10 to 1:24 scale and include numerous limited edition and several out-of-production vehicles. All models include a certificate of authenticity from their manufacturers and come fully assembled and ready for display in the home or office.', NULL, 0x89504e470d0a1a0a0000000d494844520000006400000064080600000070e29554000000097048597300000b1300000b1301009a9c18000000017352474200aece1ce90000000467414d410000b18f0bfc610500000afb494441547801ed9d6b72db3610c71790eda6cd74aa9ec0f409e29e20f2096c9fa0721f33fd66e704964f60e55b679a36f209629f20ca09aa9e20cc09aa34d3c6892da2bb20689104f82628cae66f869644ea65fcb5bb782c00062d479c9cf4613e1f40afb78d0f77f0d806211cbced03637d791b658ed7e778cd95f701dee1f116168bbfa0df9fb1f1780e2d8641cb10c3a18385bf8f7777b1600758b00ed48b8bc70c8f4bd8dc7cc37efdd58516d10a415004b280031460df8200191f2e66f8996fd082266c3299c18a599920d215fdf3cf31de1d362e42322e1ea3555a4ee382286b18e25d724bfd622f16e4ff293eccc08f0fefd5b9257e5cf9060f07af519cd985724c5098b3a685694c10f1f3cfbbe079e7787790ef05c22f787227e456363767650b477d3609b48beff734f777f0695418eb8228d7748a057192fd64e1e2f3aef0b8642f5e4cc122e2a79f06f879433c9ee674998d08635510f1e38f14234690e69a7c4bb8684284c4afb014675fb9bc245c3c46ecf7df2fc012560411bffce2c0cdcd4b48730d640d9c5fc0eded186b37ad681bc82a37e703bc7b9a613553b496231bd652bb209956e1bb25abbfb23a103ffc308474615cb0602db509a262c539fe0343f313d03571fe1cddd208d608746723fceef42333ffc0181be3fff40c6aa21641948b7a0d54d53433c186d7b3b6b8a6a2a8de8311defddefc04ac056e6d1dd6e1c22a0ba2aa94afc024866f1587ab0ad67593e1c65c8c2b7b5545a9248812832cc364ce53b48a23b40a17ee112af0bf4a6870baf207f8db6fa5bb604a0b82c19bcc77627e5776b66eb1a2282ab69c1a2e9157d82b2b4a29419465fc69bcc8f9117e99093c00d0859de08fefdc70a9b4288505497453142f3c6faf0d3da64d829ee2006fa8cda58fcb6c6e7e5734a6141224b136f540c5084889a585037d6e41643be3c30772534ef4c2c3162320c573cc54f9e4aaf273c8cb870f6330556d3b3124325e3076a85fc0dad8c6c669def7c92508062f7ac3ef0d1ff6ac1363896c6f09a1b7da853851b5d2ecf7c87a828a1b6ff557deffaa6d59b0f0c99b1cc74ee70af2d916e207f138979d18c96087238dfd4c63a7fbaa073c95544194ab72a227b1b716fba5a0231deca5007f9839cc40b65d52487459ca5551ad2a5e951bb6bdebbc2da836caabd8e9398ab59354eb4ab6909b9b11e8624c3a31f28365750926d79552eb320a22ad235eabf25dd5197414c3e4baa8d6e597b186d9427ceb8842a37cf7ace7b609649909f15cbb707363b4122d8618abb9681dec8f3f76a0a314d865dfc7012e2ad36808d8dcdc895783750b49b00ee8288d0ce0262bf9f449ab71452ca4b30e7b24588956e38a5a8841b1ce3aea21c14afa386e1229f3a8209cef471e937574d5dcfaf03cea5289e7223f0d3fbc13442641c75be58c4da1a336a495785efc073e9099938aa585f819e951160b3d107554a3d7bbd4ce79de20b87b17d4b1994f01c7b97b5283c15c3c7ae4409076cab9a34e6fabefb19cb64679b7fee36c189bc7a62acce539c69653183c8fb244e8574b8f5d767ded42036059ff0dd1e04ea14196f5867c82c95d097105b6bf1809c1d84b3c06894f622cfd711aa6e70ab1bccf79e4567cf5959fe6faefbf76e326b92dcec3ddf30ea517512392ab2fa4e718994cab469418af53c5681e07059b882fbfcc9e3a510553d9727e206fe403c6f66397e7d6b30d391fb5682a5b14c64e45bf9fcf3596e1f636980116fecc27741304f5b885d81f96a58932ed8506930ec012aa21182fe301fde1325b42cf9478031641773568ad752cd9059b78de5fb1331447fa5ccebd8bc3f9146c527e22667378de13b0893f7135cac6c6532e2742c6f17d9c3d9655db72d0d88c6d6c5bb0e74d0de77678104c42ccadcfe310621baaf0c517dfe1df33cbc2383603bb716c490887827a3c7eb8609bbc8dbb04d87c3e67fffd37c2f7d90312464f26a887eb6b7b352d225ed668955c2de4123e69d73a7c1ca8016a594b613c8f2cc64663ce019bf80be484d9e68669c02ed8267dea71f1b7f38519920f863a85e9f51cb089e7bd8b3cc67231b9ac77601f2baec09a30cdd1cf9f6cbd46ac9130f1f0703f05090809b3076dc410afefb520546d158f1f9f63bbe735ac091b700f91ed87cf9f8ff1a05e5bbb55d79ad105a9d84658256b270435396263362408f9b1e597e7fc1bb08dbfde890335614d88c5c2059be865ed6ea8e59196ff8410dfc29ab0ceae49a1cd64e6724c394ab57ea67cb850110cd6431482f20046604b8c478fec76b2c61bc858ebda90ebd98687709b18a7a8d83d8343ac6fb52e1f0b509f19d824ded38e632454edd51a27723d0f9b3056ad37a099c12dabd6a10606a360df164f1828b13b3843e9376dc7761792796070c693064ac0263499beed987ea875124a8ebbe3f6d6e56aa0249e01b10f36f1836513ddfce531fd50eb84f3a817a2c4c4bbbc2cdd5f5a1df356c1b2cd69aaaef51a96be40a84c7a50297b5a96493f9c006c85adad7123a3936510e2b9cd1a96ca148d33a53f41e6e254bb6cf2713522ff617f08b64ddde3641587ece3c731d8c494d8ae5c6438d93a3101d836b2c57d7dbd8b3f8cbe4c80608c7a0bf464eb803c49d77ab2f572c83448b816e26f3cde635b6c068f1fbbd6db1d8ab4c4f665e7a2e75d618184a7423be4b69a58c05215c4145649335a64cec309cf0f9968af5e2c0ea0a35e4cee8a965a0fee86cf1bdc56ea32101dc5c833a996c72e9a26250ea1a31e3e7f1e68e762936aa38278dec4f08263e8a807c6f4d51b168b48932322886ab54f632f71f2ae86d6918c5a15db899d9ec4534af52407c6ce4067041dd5305b8756d69a20aa9a3b8d9d76b216deea48c6b8109cc13a08731a90c94a689a172d0fd1510859b3326df794b0d4955190042ba1b53a4ccb6a77a491b4105cc25257c98972e6350387d63b1def112a90175a082e5190c485b78478d9b9ae6c94abd20339ed3294b2105c7a2a292d96a27791d36e33afa0239ddb5b7d931b6a95bf7891da939c2a88ec32e1fcc87069a06a0e1d0664d998e66ee648face4cb64e5c3e1b9bfc5d835147ee52675a63cc5f96ddcd7a3d839ce0075106f92076bad26e32f78d84757a095a5ef728cf7be49f8eb0581c1ae2499fb66830e6183d305419e84b89175c093cb7206af12df2815a62dd43172565ef10b7c8de2144a1093bd2079af6c878c0a2c811c0e42da00e8bae755c7806950af2267f48a2fcf990fabc6400eff5ccdb06327654666f955253da70846b92200a7d91f3875025c6ff91ba91cc6d0adaa9ce5ff7bd30b96b5960fe5243b9229c196b3b2aaf92d49db06bd8d9b49220f23bf87b915355cfd49de282e5fdc79b24658bbc20801f56dd02aab220f2bbf8db91be4e992630416b395b576b5156412eca9c85b3ac4db950915a0421d48eca699bdacbce4a8c3f76b3026b446d497eacc633923a542fd59ebfb564e6d4264840ca1eb1012eac811b53f1d134d2a79e20e3c559566761516a1784c8e1c2081768acfeebafafd878dc8abcaf9c16116c1679c42c6c19684590801cd642901864f617f80f4e6105c8c65daf47f1813a4bd38498cbf10c8b3bd459158450b16504a68d29755c3cae509c4b9be2484b98cf777389b0847e34cfea08dc6958172440558fc95a06395fe22fa54a7357fc54fd795917a126b1920003bc7d02fe84a4bca39e53b589e6141aa03141029430940d592e919bfcb73faddac5e3bd61ca4130cfde514b57e8d319f2d1a810018d0b1270e7ca6841e5f4e0df1c2a46e0f0eb785509e62b13248c6a011f6081ecd7bdfc5ff687cba5452ef0b86cda1a4cb4429030d2a5d1743ada7986c6a5eb16c81780dc1e25394fdb204298d60912470dfe384a1c0ac87d151b9ce417c9b8e21f54f8fe22002e6c6d4ddbde7df33f0eae7c31d0cb539b0000000049454e44ae426082, 4);

-- --------------------------------------------------------

--
-- Структура таблицы `products`
--

CREATE TABLE `products` (
  `productCode` varchar(15) NOT NULL,
  `productName` varchar(70) NOT NULL,
  `productLine` varchar(50) NOT NULL,
  `productVendor` varchar(50) NOT NULL,
  `productDescription` text NOT NULL,
  `slowPrice` float NOT NULL,
  `mediumPrice` float NOT NULL,
  `fastPrice` float NOT NULL,
  `bosslikepoints_slow` float NOT NULL,
  `bosslikepoints_medium` float NOT NULL,
  `bosslikepoints_fast` float NOT NULL,
  `previewImage` text
) ENGINE=InnoDB DEFAULT CHARSET=utf8;

--
-- Дамп данных таблицы `products`
--

INSERT INTO `products` (`productCode`, `productName`, `productLine`, `productVendor`, `productDescription`, `slowPrice`, `mediumPrice`, `fastPrice`, `bosslikepoints_slow`, `bosslikepoints_medium`, `bosslikepoints_fast`, `previewImage`) VALUES
('S10_000', 'Лайки', 'Vkontakte', '1', 'Лайки в Vkontakte', 0.1, 0.25, 0.35, 1, 4, 6, '/images/likes.png'),
('S10_001', 'Лайки', 'Instagram', '2', 'Лайки в Instagram', 0.8, 1, 1.4, 18, 20, 22, '/images/likes.png'),
('S10_002', 'Подписчики', 'Instagram', '3', 'Подписчики в Instagram', 0.9, 1.2, 1.5, 32, 34, 36, '/images/followers.png'),
('S10_003', 'Комментарии', 'Instagram', '4', 'Комментарии в Instagram', 0.9, 1.2, 1.5, 32, 34, 36, '/images/retwits.png'),
('S10_004', 'Рассказать друзьям', 'Vkontakte', '2', 'Vkontakte  Рассказать друзьям', 0.3, 0.4, 0.6, 4, 6, 8, '/images/followers.png'),
('S10_005', 'Комментарии', 'Vkontakte', '4', 'Vkontakte  Комментарии', 0.1, 0.25, 0.4, 1, 4, 6, '/images/likes.png'),
('S10_006', 'Друзья', 'Vkontakte', '3', 'Друзья Vkontakte', 0.6, 0.8, 1.2, 12, 16, 22, '/images/retwits.png'),
('S10_007', 'Голосования', 'Vkontakte', '8', 'Голосования Vkontakte', 0.1, 0.25, 0.35, 1, 4, 6, '/images/followers.png'),
('S10_008', 'Просмотры', 'Vkontakte', '7', 'Просмотры Vkontakte', 0.1, 0.25, 0.35, 1, 4, 6, '/images/retwits.png'),
('S10_009', 'Лайки', 'Youtube', '1', 'Лайки Youtube', 0.1, 0.25, 0.45, 1, 4, 8, '/images/likes.png'),
('S10_010', 'Подписчики', 'Youtube', '3', 'Подписчики Youtube', 0.7, 0.9, 1.4, 14, 20, 34, '/images/retwits.png'),
('S10_011', 'Комментарии', 'Youtube', '4', 'Комментарии Youtube', 1.5, 1.7, 1.9, 24, 30, 32, '/images/retwits.png'),
('S10_012', 'Просмотры', 'Youtube', '7', 'Просмотры Youtube', 0.3, 0.4, 1.1, 1, 6, 16, '/images/likes.png'),
('S10_013', 'Подписчики', 'Telegram', '3', 'Подписчики Telegram', 0.3, 0.5, 0.8, 6, 8, 10, '/images/followers.png'),
('S10_014', 'Просмотры', 'Telegram', '7', 'Просмотры Telegram', 0.1, 0.25, 0.35, 1, 4, 6, '/images/followers.png'),
('S10_015', 'Лайки', 'Odnoklassniki', '1', 'Лайки Odnoklassniki', 0.2, 0.35, 0.65, 1, 4, 8, '/images/followers.png'),
('S10_016', 'Подписчики', 'Odnoklassniki', '3', 'Подписчики Odnoklassniki', 0.3, 0.5, 0.8, 8, 10, 16, '/images/retwits.png'),
('S10_017', 'Ретвиты', 'Twitter', '2', 'Ретвиты Twitter', 0.1, 0.45, 1, 1, 8, 16, '/images/followers.png'),
('S10_018', 'Подписчики', 'Twitter', '3', 'Подписчики Twitter', 0.55, 0.8, 1.2, 12, 18, 26, '/images/likes.png'),
('S10_019', 'Комментарии', 'Twitter', '4', 'Комментарии Twitter', 0.1, 0.25, 0.35, 1, 4, 6, '/images/likes.png'),
('S10_020', 'Лайки', 'Twitter', '1', 'Лайки Twitter', 0.1, 0.25, 0.75, 1, 4, 14, '/images/retwits.png'),
('S10_021', 'Лайки', 'Facebook', '1', 'Лайки Facebook', 0.85, 1, 1.4, 18, 20, 22, '/images/likes.png'),
('S10_022', 'Рассказать друзьям', 'Facebook', '2', 'Рассказать друзьям Facebook', 1.1, 1.3, 1.6, 20, 24, 36, '/images/likes.png'),
('S10_023', 'Подписчики', 'Facebook', '3', 'Подписчики Facebook', 1.1, 1.3, 1.6, 22, 24, 38, '/images/followers.png'),
('S10_024', 'Комментарии', 'Facebook', '4', 'Комментарии Facebook', 1.3, 1.45, 1.65, 26, 30, 32, '/images/retwits.png');

-- --------------------------------------------------------

--
-- Структура таблицы `site_options`
--

CREATE TABLE `site_options` (
  `id` int(11) NOT NULL,
  `option_name` varchar(50) NOT NULL,
  `option_value` text,
  `option_category` varchar(50) CHARACTER SET utf8 COLLATE utf8_general_ci DEFAULT NULL
) ENGINE=InnoDB DEFAULT CHARSET=utf8;

--
-- Дамп данных таблицы `site_options`
--

INSERT INTO `site_options` (`id`, `option_name`, `option_value`, `option_category`) VALUES
(1, 'font_size', '18', NULL),
(2, 'notification_text', '', 'Facebook'),
(3, 'slider_image_1', 'data:image/svg+xml;charset=UTF-8,%3Csvg%20width%3D%22800%22%20height%3D%22400%22%20xmlns%3D%22http%3A%2F%2Fwww.w3.org%2F2000%2Fsvg%22%20viewBox%3D%220%200%20800%20400%22%20preserveAspectRatio%3D%22none%22%3E%3Cdefs%3E%3Cstyle%20type%3D%22text%2Fcss%22%3E%23holder_17078fe18f5%20text%20%7B%20fill%3A%23333%3Bfont-weight%3Anormal%3Bfont-family%3AHelvetica%2C%20monospace%3Bfont-size%3A40pt%20%7D%20%3C%2Fstyle%3E%3C%2Fdefs%3E%3Cg%20id%3D%22holder_17078fe18f5%22%3E%3Crect%20width%3D%22800%22%20height%3D%22400%22%20fill%3D%22%23555%22%3E%3C%2Frect%3E%3Cg%3E%3Ctext%20x%3D%22276.9921875%22%20y%3D%22217.7%22%3EThird%20slide%3C%2Ftext%3E%3C%2Fg%3E%3C%2Fg%3E%3C%2Fsvg%3E', NULL),
(4, 'slider_image_2', 'data:image/svg+xml;charset=UTF-8,%3Csvg%20width%3D%22800%22%20height%3D%22400%22%20xmlns%3D%22http%3A%2F%2Fwww.w3.org%2F2000%2Fsvg%22%20viewBox%3D%220%200%20800%20400%22%20preserveAspectRatio%3D%22none%22%3E%3Cdefs%3E%3Cstyle%20type%3D%22text%2Fcss%22%3E%23holder_17078fe18f3%20text%20%7B%20fill%3A%23555%3Bfont-weight%3Anormal%3Bfont-family%3AHelvetica%2C%20monospace%3Bfont-size%3A40pt%20%7D%20%3C%2Fstyle%3E%3C%2Fdefs%3E%3Cg%20id%3D%22holder_17078fe18f3%22%3E%3Crect%20width%3D%22800%22%20height%3D%22400%22%20fill%3D%22%23777%22%3E%3C%2Frect%3E%3Cg%3E%3Ctext%20x%3D%22285.9140625%22%20y%3D%22217.7%22%3EFirst%20slide%3C%2Ftext%3E%3C%2Fg%3E%3C%2Fg%3E%3C%2Fsvg%3E', NULL),
(5, 'slider_image_3', 'data:image/svg+xml;charset=UTF-8,%3Csvg%20width%3D%22800%22%20height%3D%22400%22%20xmlns%3D%22http%3A%2F%2Fwww.w3.org%2F2000%2Fsvg%22%20viewBox%3D%220%200%20800%20400%22%20preserveAspectRatio%3D%22none%22%3E%3Cdefs%3E%3Cstyle%20type%3D%22text%2Fcss%22%3E%23holder_17078fe18f4%20text%20%7B%20fill%3A%23444%3Bfont-weight%3Anormal%3Bfont-family%3AHelvetica%2C%20monospace%3Bfont-size%3A40pt%20%7D%20%3C%2Fstyle%3E%3C%2Fdefs%3E%3Cg%20id%3D%22holder_17078fe18f4%22%3E%3Crect%20width%3D%22800%22%20height%3D%22400%22%20fill%3D%22%23666%22%3E%3C%2Frect%3E%3Cg%3E%3Ctext%20x%3D%22247.3125%22%20y%3D%22217.7%22%3ESecond%20slide%3C%2Ftext%3E%3C%2Fg%3E%3C%2Fg%3E%3C%2Fsvg%3E', NULL),
(6, 'slider_image_4', 'data:image/svg+xml;charset=UTF-8,%3Csvg%20width%3D%22800%22%20height%3D%22400%22%20xmlns%3D%22http%3A%2F%2Fwww.w3.org%2F2000%2Fsvg%22%20viewBox%3D%220%200%20800%20400%22%20preserveAspectRatio%3D%22none%22%3E%3Cdefs%3E%3Cstyle%20type%3D%22text%2Fcss%22%3E%23holder_17078fe18f3%20text%20%7B%20fill%3A%23555%3Bfont-weight%3Anormal%3Bfont-family%3AHelvetica%2C%20monospace%3Bfont-size%3A40pt%20%7D%20%3C%2Fstyle%3E%3C%2Fdefs%3E%3Cg%20id%3D%22holder_17078fe18f3%22%3E%3Crect%20width%3D%22800%22%20height%3D%22400%22%20fill%3D%22%23777%22%3E%3C%2Frect%3E%3Cg%3E%3Ctext%20x%3D%22285.9140625%22%20y%3D%22217.7%22%3EFirst%20slide%3C%2Ftext%3E%3C%2Fg%3E%3C%2Fg%3E%3C%2Fsvg%3E', NULL),
(7, 'slider_image_5', 'data:image/svg+xml;charset=UTF-8,%3Csvg%20width%3D%22800%22%20height%3D%22400%22%20xmlns%3D%22http%3A%2F%2Fwww.w3.org%2F2000%2Fsvg%22%20viewBox%3D%220%200%20800%20400%22%20preserveAspectRatio%3D%22none%22%3E%3Cdefs%3E%3Cstyle%20type%3D%22text%2Fcss%22%3E%23holder_17078fe18f5%20text%20%7B%20fill%3A%23333%3Bfont-weight%3Anormal%3Bfont-family%3AHelvetica%2C%20monospace%3Bfont-size%3A40pt%20%7D%20%3C%2Fstyle%3E%3C%2Fdefs%3E%3Cg%20id%3D%22holder_17078fe18f5%22%3E%3Crect%20width%3D%22800%22%20height%3D%22400%22%20fill%3D%22%23555%22%3E%3C%2Frect%3E%3Cg%3E%3Ctext%20x%3D%22276.9921875%22%20y%3D%22217.7%22%3EThird%20slide%3C%2Ftext%3E%3C%2Fg%3E%3C%2Fg%3E%3C%2Fsvg%3E', NULL);

-- --------------------------------------------------------

--
-- Структура таблицы `users`
--

CREATE TABLE `users` (
  `id` int(11) NOT NULL,
  `email` text NOT NULL,
  `username` text NOT NULL,
  `password` text NOT NULL,
  `first_name` text NOT NULL,
  `last_name` text NOT NULL,
  `balance` float NOT NULL,
  `admin` int(10) DEFAULT NULL
) ENGINE=InnoDB DEFAULT CHARSET=utf8 ROW_FORMAT=COMPACT;

--
-- Дамп данных таблицы `users`
--

INSERT INTO `users` (`id`, `email`, `username`, `password`, `first_name`, `last_name`, `balance`, `admin`) VALUES
(1, 'vladimir.kryan@gmail.com', 'vladimirkaroyan', '$2a$10$mpf4pYLmfoh/C9w80lYrhuWImYREoV91acuKHLlvDgPeuSW6mdWPS', 'Vladimir', 'Karoyan', 11878.3, 1),
(2, 'admin@gmail.com', 'admin', '$2a$10$pj6P2obdX0I.IFmHiwaNr.Ry6vQjVthP9InR7.zSM/5zt.Ibs3ieO', 'Admin', 'Admin', 19637.8, 1),
(3, '1887879test@mail.ru', 'vladimirkaroyan22', '$2a$10$vNdx.1J5F8jMJGI7w7zvD.S4KaePRrO09XX...8BK.Zh0DP.ggP6q', 'Vladimir', 'Karoyan', 0, NULL),
(4, '1887879test@mail.ru', 'vladimirkaroyan231', '$2a$10$i8Cq0Yxefzo2y2NDNkajPeBwwuJsSIXIfzjsnTsO2okfnsGOnCtMG', 'Vladimir22', 'Karoyan22', 0, NULL),
(5, 'vladimir.kryan@gmail.com', 'admindd', '$2a$10$kzadel0gYPoQxzfS5Bz.TOcEDlPJ5GGvx.6ARBet3Rz7Ms6qFRBj.', 'Vladimir', 'Karoyan', 0, 0);

--
-- Индексы сохранённых таблиц
--

--
-- Индексы таблицы `blogposts`
--
ALTER TABLE `blogposts`
  ADD PRIMARY KEY (`id`),
  ADD KEY `category` (`category`);

--
-- Индексы таблицы `orders`
--
ALTER TABLE `orders`
  ADD PRIMARY KEY (`id`),
  ADD KEY `category` (`orderCategory`);

--
-- Индексы таблицы `productlines`
--
ALTER TABLE `productlines`
  ADD PRIMARY KEY (`productLine`);

--
-- Индексы таблицы `products`
--
ALTER TABLE `products`
  ADD PRIMARY KEY (`productCode`),
  ADD KEY `productLine` (`productLine`);

--
-- Индексы таблицы `site_options`
--
ALTER TABLE `site_options`
  ADD PRIMARY KEY (`id`),
  ADD KEY `option_category` (`option_category`);

--
-- Индексы таблицы `users`
--
ALTER TABLE `users`
  ADD PRIMARY KEY (`id`);

--
-- AUTO_INCREMENT для сохранённых таблиц
--

--
-- AUTO_INCREMENT для таблицы `blogposts`
--
ALTER TABLE `blogposts`
  MODIFY `id` int(11) NOT NULL AUTO_INCREMENT, AUTO_INCREMENT=7;

--
-- AUTO_INCREMENT для таблицы `orders`
--
ALTER TABLE `orders`
  MODIFY `id` int(11) NOT NULL AUTO_INCREMENT, AUTO_INCREMENT=7;

--
-- AUTO_INCREMENT для таблицы `site_options`
--
ALTER TABLE `site_options`
  MODIFY `id` int(11) NOT NULL AUTO_INCREMENT, AUTO_INCREMENT=8;

--
-- AUTO_INCREMENT для таблицы `users`
--
ALTER TABLE `users`
  MODIFY `id` int(11) NOT NULL AUTO_INCREMENT, AUTO_INCREMENT=6;

--
-- Ограничения внешнего ключа сохраненных таблиц
--

--
-- Ограничения внешнего ключа таблицы `orders`
--
ALTER TABLE `orders`
  ADD CONSTRAINT `category` FOREIGN KEY (`orderCategory`) REFERENCES `productlines` (`productline`) ON DELETE RESTRICT ON UPDATE RESTRICT;

--
-- Ограничения внешнего ключа таблицы `site_options`
--
ALTER TABLE `site_options`
  ADD CONSTRAINT `option_category` FOREIGN KEY (`option_category`) REFERENCES `productlines` (`productline`) ON DELETE RESTRICT ON UPDATE RESTRICT;
COMMIT;

/*!40101 SET CHARACTER_SET_CLIENT=@OLD_CHARACTER_SET_CLIENT */;
/*!40101 SET CHARACTER_SET_RESULTS=@OLD_CHARACTER_SET_RESULTS */;
/*!40101 SET COLLATION_CONNECTION=@OLD_COLLATION_CONNECTION */;
